,drug,disease,label
0,443.0,92.0,1.0
1,489.0,282.0,1.0
2,477.0,312.0,1.0
3,415.0,206.0,1.0
4,229.0,312.0,1.0
5,185.0,305.0,1.0
6,52.0,265.0,1.0
7,365.0,264.0,1.0
8,110.0,251.0,1.0
9,0.0,126.0,1.0
10,414.0,269.0,1.0
11,81.0,274.0,1.0
12,25.0,108.0,1.0
13,443.0,232.0,1.0
14,0.0,261.0,1.0
15,307.0,135.0,1.0
16,422.0,55.0,1.0
17,236.0,14.0,1.0
18,430.0,228.0,1.0
19,381.0,262.0,1.0
20,250.0,17.0,1.0
21,496.0,73.0,1.0
22,70.0,130.0,1.0
23,271.0,61.0,1.0
24,514.0,108.0,1.0
25,136.0,16.0,1.0
26,471.0,75.0,1.0
27,381.0,163.0,1.0
28,554.0,269.0,1.0
29,287.0,239.0,1.0
30,441.0,35.0,1.0
31,575.0,230.0,1.0
32,196.0,60.0,1.0
33,328.0,301.0,1.0
34,195.0,147.0,1.0
35,227.0,142.0,1.0
36,241.0,177.0,1.0
37,506.0,15.0,1.0
38,305.0,35.0,1.0
39,438.0,150.0,1.0
40,81.0,128.0,1.0
41,225.0,206.0,1.0
42,259.0,12.0,1.0
43,153.0,188.0,1.0
44,171.0,108.0,1.0
45,581.0,122.0,1.0
46,576.0,288.0,1.0
47,258.0,206.0,1.0
48,389.0,263.0,1.0
49,426.0,174.0,1.0
50,104.0,34.0,1.0
51,114.0,108.0,1.0
52,50.0,162.0,1.0
53,28.0,269.0,1.0
54,29.0,272.0,1.0
55,556.0,112.0,1.0
56,164.0,282.0,1.0
57,332.0,310.0,1.0
58,353.0,193.0,1.0
59,492.0,69.0,1.0
60,75.0,240.0,1.0
61,154.0,284.0,1.0
62,166.0,241.0,1.0
63,239.0,108.0,1.0
64,51.0,166.0,1.0
65,287.0,108.0,1.0
66,233.0,293.0,1.0
67,82.0,278.0,1.0
68,312.0,147.0,1.0
69,433.0,160.0,1.0
70,333.0,46.0,1.0
71,405.0,162.0,1.0
72,91.0,299.0,1.0
73,287.0,312.0,1.0
74,222.0,197.0,1.0
75,381.0,303.0,1.0
76,369.0,114.0,1.0
77,454.0,269.0,1.0
78,71.0,286.0,1.0
79,370.0,108.0,1.0
80,346.0,100.0,1.0
81,525.0,19.0,1.0
82,262.0,154.0,1.0
83,283.0,311.0,1.0
84,544.0,19.0,1.0
85,201.0,108.0,1.0
86,456.0,1.0,1.0
87,426.0,108.0,1.0
88,89.0,16.0,1.0
89,333.0,177.0,1.0
90,445.0,72.0,1.0
91,73.0,162.0,1.0
92,117.0,102.0,1.0
93,387.0,102.0,1.0
94,145.0,288.0,1.0
95,237.0,293.0,1.0
96,305.0,34.0,1.0
97,341.0,112.0,1.0
98,281.0,78.0,1.0
99,337.0,142.0,1.0
100,424.0,143.0,1.0
101,2.0,128.0,1.0
102,251.0,44.0,1.0
103,519.0,248.0,1.0
104,78.0,214.0,1.0
105,104.0,35.0,1.0
106,293.0,261.0,1.0
107,273.0,108.0,1.0
108,4.0,270.0,1.0
109,299.0,269.0,1.0
110,375.0,166.0,1.0
111,270.0,207.0,1.0
112,173.0,86.0,1.0
113,189.0,37.0,1.0
114,579.0,241.0,1.0
115,34.0,1.0,1.0
116,354.0,162.0,1.0
117,82.0,61.0,1.0
118,289.0,312.0,1.0
119,535.0,12.0,1.0
120,49.0,294.0,1.0
121,437.0,312.0,1.0
122,347.0,135.0,1.0
123,404.0,48.0,1.0
124,290.0,102.0,1.0
125,225.0,15.0,1.0
126,367.0,237.0,1.0
127,397.0,160.0,1.0
128,349.0,287.0,1.0
129,238.0,162.0,1.0
130,536.0,102.0,1.0
131,520.0,146.0,1.0
132,112.0,312.0,1.0
133,161.0,257.0,1.0
134,461.0,79.0,1.0
135,329.0,19.0,1.0
136,415.0,233.0,1.0
137,178.0,166.0,1.0
138,435.0,37.0,1.0
139,412.0,3.0,1.0
140,108.0,17.0,1.0
141,524.0,155.0,1.0
142,477.0,108.0,1.0
143,159.0,102.0,1.0
144,500.0,312.0,1.0
145,109.0,282.0,1.0
146,423.0,163.0,1.0
147,221.0,293.0,1.0
148,524.0,6.0,1.0
149,198.0,79.0,1.0
150,345.0,5.0,1.0
151,309.0,115.0,1.0
152,312.0,10.0,1.0
153,311.0,11.0,1.0
154,129.0,108.0,1.0
155,300.0,151.0,1.0
156,95.0,86.0,1.0
157,159.0,135.0,1.0
158,392.0,135.0,1.0
159,574.0,277.0,1.0
160,550.0,271.0,1.0
161,421.0,94.0,1.0
162,7.0,36.0,1.0
163,539.0,135.0,1.0
164,158.0,182.0,1.0
165,496.0,312.0,1.0
166,252.0,89.0,1.0
167,259.0,212.0,1.0
168,63.0,267.0,1.0
169,333.0,248.0,1.0
170,590.0,312.0,1.0
171,380.0,23.0,1.0
172,381.0,285.0,1.0
173,503.0,109.0,1.0
174,276.0,87.0,1.0
175,424.0,214.0,1.0
176,397.0,30.0,1.0
177,87.0,54.0,1.0
178,256.0,74.0,1.0
179,491.0,190.0,1.0
180,4.0,33.0,1.0
181,188.0,110.0,1.0
182,397.0,90.0,1.0
183,362.0,61.0,1.0
184,133.0,30.0,1.0
185,103.0,102.0,1.0
186,426.0,161.0,1.0
187,441.0,37.0,1.0
188,432.0,228.0,1.0
189,471.0,20.0,1.0
190,498.0,168.0,1.0
191,152.0,34.0,1.0
192,159.0,289.0,1.0
193,423.0,146.0,1.0
194,164.0,93.0,1.0
195,53.0,108.0,1.0
196,231.0,66.0,1.0
197,252.0,133.0,1.0
198,442.0,241.0,1.0
199,521.0,15.0,1.0
200,390.0,205.0,1.0
201,357.0,86.0,1.0
202,457.0,307.0,1.0
203,548.0,192.0,1.0
204,194.0,112.0,1.0
205,455.0,265.0,1.0
206,419.0,66.0,1.0
207,569.0,264.0,1.0
208,61.0,118.0,1.0
209,233.0,66.0,1.0
210,225.0,222.0,1.0
211,102.0,86.0,1.0
212,517.0,264.0,1.0
213,132.0,170.0,1.0
214,273.0,312.0,1.0
215,113.0,86.0,1.0
216,328.0,303.0,1.0
217,135.0,156.0,1.0
218,276.0,162.0,1.0
219,93.0,31.0,1.0
220,538.0,1.0,1.0
221,320.0,241.0,1.0
222,141.0,269.0,1.0
223,497.0,115.0,1.0
224,178.0,162.0,1.0
225,125.0,151.0,1.0
226,156.0,225.0,1.0
227,522.0,108.0,1.0
228,585.0,38.0,1.0
229,370.0,82.0,1.0
230,246.0,251.0,1.0
231,415.0,193.0,1.0
232,421.0,106.0,1.0
233,517.0,281.0,1.0
234,93.0,197.0,1.0
235,378.0,177.0,1.0
236,79.0,34.0,1.0
237,185.0,125.0,1.0
238,412.0,139.0,1.0
239,283.0,273.0,1.0
240,554.0,162.0,1.0
241,154.0,312.0,1.0
242,59.0,241.0,1.0
243,423.0,248.0,1.0
244,283.0,30.0,1.0
245,528.0,162.0,1.0
246,542.0,117.0,1.0
247,222.0,177.0,1.0
248,368.0,310.0,1.0
249,435.0,35.0,1.0
250,250.0,103.0,1.0
251,33.0,214.0,1.0
252,377.0,62.0,1.0
253,357.0,112.0,1.0
254,296.0,66.0,1.0
255,343.0,197.0,1.0
256,389.0,251.0,1.0
257,419.0,112.0,1.0
258,556.0,293.0,1.0
259,437.0,108.0,1.0
260,335.0,108.0,1.0
261,6.0,94.0,1.0
262,360.0,250.0,1.0
263,333.0,163.0,1.0
264,168.0,278.0,1.0
265,381.0,301.0,1.0
266,52.0,37.0,1.0
267,523.0,278.0,1.0
268,368.0,108.0,1.0
269,244.0,103.0,1.0
270,159.0,87.0,1.0
271,530.0,135.0,1.0
272,333.0,301.0,1.0
273,75.0,64.0,1.0
274,237.0,112.0,1.0
275,78.0,113.0,1.0
276,225.0,165.0,1.0
277,549.0,265.0,1.0
278,46.0,263.0,1.0
279,74.0,142.0,1.0
280,383.0,38.0,1.0
281,181.0,86.0,1.0
282,23.0,72.0,1.0
283,328.0,308.0,1.0
284,573.0,69.0,1.0
285,424.0,206.0,1.0
286,331.0,305.0,1.0
287,534.0,100.0,1.0
288,184.0,114.0,1.0
289,370.0,166.0,1.0
290,587.0,75.0,1.0
291,69.0,1.0,1.0
292,106.0,86.0,1.0
293,374.0,162.0,1.0
294,259.0,181.0,1.0
295,305.0,37.0,1.0
296,401.0,102.0,1.0
297,316.0,284.0,1.0
298,298.0,109.0,1.0
299,37.0,108.0,1.0
300,381.0,197.0,1.0
301,239.0,261.0,1.0
302,103.0,293.0,1.0
303,423.0,308.0,1.0
304,226.0,1.0,1.0
305,247.0,86.0,1.0
306,186.0,108.0,1.0
307,307.0,249.0,1.0
308,257.0,3.0,1.0
309,309.0,192.0,1.0
310,540.0,108.0,1.0
311,41.0,23.0,1.0
312,30.0,69.0,1.0
313,61.0,31.0,1.0
314,391.0,66.0,1.0
315,78.0,19.0,1.0
316,212.0,235.0,1.0
317,165.0,137.0,1.0
318,381.0,248.0,1.0
319,286.0,312.0,1.0
320,103.0,281.0,1.0
321,48.0,43.0,1.0
322,247.0,50.0,1.0
323,145.0,214.0,1.0
324,520.0,108.0,1.0
325,471.0,58.0,1.0
326,80.0,69.0,1.0
327,407.0,173.0,1.0
328,331.0,90.0,1.0
329,291.0,272.0,1.0
330,433.0,66.0,1.0
331,511.0,312.0,1.0
332,473.0,250.0,1.0
333,423.0,262.0,1.0
334,91.0,311.0,1.0
335,302.0,108.0,1.0
336,3.0,116.0,1.0
337,275.0,311.0,1.0
338,417.0,287.0,1.0
339,384.0,189.0,1.0
340,408.0,312.0,1.0
341,298.0,43.0,1.0
342,66.0,168.0,1.0
343,134.0,7.0,1.0
344,81.0,151.0,1.0
345,560.0,135.0,1.0
346,132.0,171.0,1.0
347,343.0,177.0,1.0
348,542.0,109.0,1.0
349,29.0,144.0,1.0
350,42.0,312.0,1.0
351,194.0,160.0,1.0
352,37.0,61.0,1.0
353,252.0,87.0,1.0
354,291.0,148.0,1.0
355,326.0,238.0,1.0
356,313.0,86.0,1.0
357,203.0,108.0,1.0
358,225.0,19.0,1.0
359,524.0,261.0,1.0
360,317.0,79.0,1.0
361,229.0,108.0,1.0
362,405.0,87.0,1.0
363,102.0,307.0,1.0
364,397.0,94.0,1.0
365,331.0,86.0,1.0
366,232.0,272.0,1.0
367,584.0,103.0,1.0
368,211.0,117.0,1.0
369,302.0,312.0,1.0
370,26.0,82.0,1.0
371,185.0,204.0,1.0
372,572.0,307.0,1.0
373,259.0,49.0,1.0
374,376.0,79.0,1.0
375,381.0,177.0,1.0
376,40.0,129.0,1.0
377,342.0,269.0,1.0
378,324.0,79.0,1.0
379,237.0,254.0,1.0
380,313.0,112.0,1.0
381,187.0,311.0,1.0
382,27.0,8.0,1.0
383,561.0,312.0,1.0
384,588.0,312.0,1.0
385,161.0,279.0,1.0
386,200.0,82.0,1.0
387,333.0,303.0,1.0
388,144.0,75.0,1.0
389,169.0,217.0,1.0
390,413.0,284.0,1.0
391,64.0,111.0,1.0
392,229.0,67.0,1.0
393,296.0,4.0,1.0
394,68.0,299.0,1.0
395,8.0,197.0,1.0
396,328.0,234.0,1.0
397,14.0,244.0,1.0
398,156.0,73.0,1.0
399,341.0,50.0,1.0
400,485.0,35.0,1.0
401,159.0,246.0,1.0
402,460.0,92.0,1.0
403,93.0,6.0,1.0
404,232.0,108.0,1.0
405,526.0,30.0,1.0
406,48.0,226.0,1.0
407,544.0,99.0,1.0
408,326.0,241.0,1.0
409,228.0,212.0,1.0
410,382.0,34.0,1.0
411,490.0,241.0,1.0
412,124.0,87.0,1.0
413,225.0,212.0,1.0
414,403.0,284.0,1.0
415,259.0,38.0,1.0
416,343.0,264.0,1.0
417,319.0,263.0,1.0
418,212.0,275.0,1.0
419,573.0,57.0,1.0
420,19.0,231.0,1.0
421,567.0,211.0,1.0
422,36.0,1.0,1.0
423,225.0,204.0,1.0
424,423.0,111.0,1.0
425,450.0,210.0,1.0
426,450.0,66.0,1.0
427,16.0,243.0,1.0
428,180.0,185.0,1.0
429,492.0,86.0,1.0
430,467.0,78.0,1.0
431,440.0,130.0,1.0
432,89.0,58.0,1.0
433,88.0,139.0,1.0
434,230.0,147.0,1.0
435,259.0,165.0,1.0
436,165.0,15.0,1.0
437,536.0,14.0,1.0
438,228.0,193.0,1.0
439,357.0,293.0,1.0
440,451.0,134.0,1.0
441,39.0,57.0,1.0
442,512.0,86.0,1.0
443,381.0,308.0,1.0
444,255.0,175.0,1.0
445,550.0,205.0,1.0
446,320.0,20.0,1.0
447,333.0,302.0,1.0
448,270.0,145.0,1.0
449,237.0,86.0,1.0
450,537.0,79.0,1.0
451,39.0,102.0,1.0
452,447.0,214.0,1.0
453,93.0,287.0,1.0
454,185.0,160.0,1.0
455,373.0,86.0,1.0
456,494.0,12.0,1.0
457,394.0,277.0,1.0
458,229.0,121.0,1.0
459,123.0,14.0,1.0
460,528.0,166.0,1.0
461,443.0,149.0,1.0
462,432.0,213.0,1.0
463,149.0,135.0,1.0
464,78.0,2.0,1.0
465,148.0,142.0,1.0
466,138.0,61.0,1.0
467,179.0,43.0,1.0
468,354.0,269.0,1.0
469,576.0,75.0,1.0
470,456.0,117.0,1.0
471,110.0,14.0,1.0
472,191.0,118.0,1.0
473,322.0,162.0,1.0
474,285.0,103.0,1.0
475,133.0,312.0,1.0
476,211.0,266.0,1.0
477,537.0,162.0,1.0
478,69.0,119.0,1.0
479,582.0,283.0,1.0
480,151.0,118.0,1.0
481,42.0,108.0,1.0
482,568.0,86.0,1.0
483,397.0,293.0,1.0
484,461.0,307.0,1.0
485,36.0,86.0,1.0
486,525.0,123.0,1.0
487,465.0,108.0,1.0
488,49.0,246.0,1.0
489,529.0,166.0,1.0
490,486.0,280.0,1.0
491,8.0,177.0,1.0
492,179.0,135.0,1.0
493,485.0,265.0,1.0
494,561.0,108.0,1.0
495,438.0,14.0,1.0
496,300.0,284.0,1.0
497,71.0,255.0,1.0
498,478.0,23.0,1.0
499,511.0,86.0,1.0
500,289.0,113.0,1.0
501,204.0,86.0,1.0
502,496.0,155.0,1.0
503,589.0,32.0,1.0
504,189.0,34.0,1.0
505,79.0,37.0,1.0
506,150.0,35.0,1.0
507,457.0,87.0,1.0
508,586.0,114.0,1.0
509,142.0,177.0,1.0
510,464.0,250.0,1.0
511,450.0,86.0,1.0
512,194.0,305.0,1.0
513,390.0,271.0,1.0
514,281.0,312.0,1.0
515,590.0,108.0,1.0
516,145.0,71.0,1.0
517,300.0,139.0,1.0
518,1.0,284.0,1.0
519,519.0,300.0,1.0
520,10.0,112.0,1.0
521,211.0,69.0,1.0
522,172.0,86.0,1.0
523,370.0,218.0,1.0
524,212.0,219.0,1.0
525,3.0,71.0,1.0
526,292.0,5.0,1.0
527,400.0,102.0,1.0
528,71.0,246.0,1.0
529,346.0,177.0,1.0
530,104.0,265.0,1.0
531,177.0,12.0,1.0
532,139.0,299.0,1.0
533,152.0,265.0,1.0
534,299.0,162.0,1.0
535,537.0,133.0,1.0
536,380.0,299.0,1.0
537,365.0,218.0,1.0
538,467.0,129.0,1.0
539,580.0,242.0,1.0
540,397.0,86.0,1.0
541,433.0,112.0,1.0
542,199.0,193.0,1.0
543,333.0,285.0,1.0
544,232.0,299.0,1.0
545,382.0,37.0,1.0
546,212.0,276.0,1.0
547,97.0,246.0,1.0
548,84.0,98.0,1.0
549,78.0,241.0,1.0
550,521.0,233.0,1.0
551,165.0,193.0,1.0
552,541.0,72.0,1.0
553,132.0,164.0,1.0
554,516.0,128.0,1.0
555,341.0,305.0,1.0
556,75.0,217.0,1.0
557,220.0,241.0,1.0
558,348.0,35.0,1.0
559,200.0,312.0,1.0
560,338.0,264.0,1.0
561,537.0,275.0,1.0
562,0.0,42.0,1.0
563,431.0,19.0,1.0
564,502.0,185.0,1.0
565,356.0,241.0,1.0
566,355.0,99.0,1.0
567,228.0,141.0,1.0
568,123.0,108.0,1.0
569,259.0,206.0,1.0
570,237.0,305.0,1.0
571,461.0,87.0,1.0
572,189.0,35.0,1.0
573,251.0,206.0,1.0
574,276.0,269.0,1.0
575,185.0,124.0,1.0
576,172.0,69.0,1.0
577,212.0,153.0,1.0
578,364.0,312.0,1.0
579,547.0,241.0,1.0
580,456.0,215.0,1.0
581,9.0,120.0,1.0
582,517.0,82.0,1.0
583,421.0,192.0,1.0
584,409.0,312.0,1.0
585,15.0,79.0,1.0
586,159.0,178.0,1.0
587,88.0,42.0,1.0
588,429.0,149.0,1.0
589,547.0,19.0,1.0
590,104.0,127.0,1.0
591,318.0,273.0,1.0
592,38.0,284.0,1.0
593,291.0,102.0,1.0
594,456.0,305.0,1.0
595,209.0,259.0,1.0
596,252.0,49.0,1.0
597,470.0,168.0,1.0
598,310.0,269.0,1.0
599,544.0,58.0,1.0
600,526.0,272.0,1.0
601,45.0,210.0,1.0
602,349.0,7.0,1.0
603,462.0,72.0,1.0
604,376.0,5.0,1.0
605,444.0,311.0,1.0
606,445.0,74.0,1.0
607,167.0,263.0,1.0
608,240.0,282.0,1.0
609,112.0,130.0,1.0
610,14.0,82.0,1.0
611,353.0,219.0,1.0
612,510.0,22.0,1.0
613,315.0,177.0,1.0
614,67.0,15.0,1.0
615,59.0,15.0,1.0
616,328.0,248.0,1.0
617,419.0,160.0,1.0
618,101.0,108.0,1.0
619,474.0,30.0,1.0
620,162.0,115.0,1.0
621,171.0,130.0,1.0
622,214.0,20.0,1.0
623,128.0,61.0,1.0
624,403.0,151.0,1.0
625,428.0,86.0,1.0
626,232.0,69.0,1.0
627,387.0,107.0,1.0
628,98.0,86.0,1.0
629,225.0,137.0,1.0
630,70.0,312.0,1.0
631,519.0,197.0,1.0
632,515.0,299.0,1.0
633,21.0,306.0,1.0
634,78.0,116.0,1.0
635,150.0,265.0,1.0
636,120.0,236.0,1.0
637,521.0,86.0,1.0
638,96.0,79.0,1.0
639,247.0,124.0,1.0
640,224.0,129.0,1.0
641,143.0,87.0,1.0
642,229.0,146.0,1.0
643,199.0,214.0,1.0
644,84.0,99.0,1.0
645,128.0,246.0,1.0
646,276.0,62.0,1.0
647,48.0,109.0,1.0
648,416.0,82.0,1.0
649,496.0,261.0,1.0
650,441.0,108.0,1.0
651,331.0,49.0,1.0
652,185.0,86.0,1.0
653,435.0,34.0,1.0
654,366.0,82.0,1.0
655,157.0,193.0,1.0
656,46.0,147.0,1.0
657,574.0,230.0,1.0
658,488.0,115.0,1.0
659,34.0,119.0,1.0
660,41.0,299.0,1.0
661,474.0,260.0,1.0
662,540.0,141.0,1.0
663,54.0,310.0,1.0
664,411.0,273.0,1.0
665,510.0,32.0,1.0
666,132.0,253.0,1.0
667,158.0,306.0,1.0
668,237.0,160.0,1.0
669,397.0,9.0,1.0
670,188.0,6.0,1.0
671,80.0,295.0,1.0
672,448.0,31.0,1.0
673,156.0,185.0,1.0
674,239.0,155.0,1.0
675,477.0,130.0,1.0
676,526.0,96.0,1.0
677,381.0,302.0,1.0
678,589.0,93.0,1.0
679,447.0,219.0,1.0
680,127.0,155.0,1.0
681,391.0,147.0,1.0
682,259.0,102.0,1.0
683,331.0,79.0,1.0
684,67.0,214.0,1.0
685,423.0,301.0,1.0
686,537.0,49.0,1.0
687,200.0,108.0,1.0
688,138.0,79.0,1.0
689,279.0,287.0,1.0
690,128.0,278.0,1.0
691,71.0,295.0,1.0
692,453.0,135.0,1.0
693,98.0,210.0,1.0
694,408.0,78.0,1.0
695,552.0,75.0,1.0
696,17.0,227.0,1.0
697,259.0,94.0,1.0
698,502.0,194.0,1.0
699,214.0,58.0,1.0
700,460.0,181.0,1.0
701,260.0,74.0,1.0
702,537.0,115.0,1.0
703,456.0,0.0,1.0
704,417.0,7.0,1.0
705,32.0,108.0,1.0
706,151.0,31.0,1.0
707,92.0,108.0,1.0
708,380.0,311.0,1.0
709,84.0,238.0,1.0
710,151.0,1.0,1.0
711,135.0,264.0,1.0
712,62.0,135.0,1.0
713,526.0,260.0,1.0
714,502.0,147.0,1.0
715,288.0,88.0,1.0
716,331.0,210.0,1.0
717,471.0,241.0,1.0
718,251.0,304.0,1.0
719,416.0,113.0,1.0
720,424.0,58.0,1.0
721,333.0,146.0,1.0
722,513.0,108.0,1.0
723,443.0,15.0,1.0
724,484.0,147.0,1.0
725,275.0,24.0,1.0
726,147.0,117.0,1.0
727,182.0,135.0,1.0
728,105.0,162.0,1.0
729,588.0,78.0,1.0
730,430.0,241.0,1.0
731,502.0,28.0,1.0
732,338.0,108.0,1.0
733,519.0,177.0,1.0
734,100.0,245.0,1.0
735,128.0,62.0,1.0
736,80.0,43.0,1.0
737,370.0,113.0,1.0
738,277.0,246.0,1.0
739,242.0,108.0,1.0
740,259.0,241.0,1.0
741,257.0,114.0,1.0
742,305.0,265.0,1.0
743,423.0,102.0,1.0
744,580.0,25.0,1.0
745,456.0,293.0,1.0
746,128.0,108.0,1.0
747,318.0,30.0,1.0
748,66.0,22.0,1.0
749,265.0,81.0,1.0
750,225.0,16.0,1.0
751,165.0,233.0,1.0
752,332.0,82.0,1.0
753,119.0,86.0,1.0
754,395.0,162.0,1.0
755,152.0,35.0,1.0
756,531.0,239.0,1.0
757,198.0,307.0,1.0
758,430.0,288.0,1.0
759,289.0,174.0,1.0
760,93.0,102.0,1.0
761,521.0,128.0,1.0
762,137.0,119.0,1.0
763,253.0,108.0,1.0
764,467.0,312.0,1.0
765,567.0,104.0,1.0
766,143.0,307.0,1.0
767,289.0,71.0,1.0
768,343.0,85.0,1.0
769,348.0,34.0,1.0
770,135.0,166.0,1.0
771,522.0,239.0,1.0
772,383.0,118.0,1.0
773,397.0,66.0,1.0
774,68.0,146.0,1.0
775,84.0,193.0,1.0
776,553.0,312.0,1.0
777,199.0,241.0,1.0
778,370.0,161.0,1.0
779,516.0,274.0,1.0
780,325.0,149.0,1.0
781,472.0,43.0,1.0
782,212.0,193.0,1.0
783,150.0,34.0,1.0
784,288.0,206.0,1.0
785,424.0,276.0,1.0
786,90.0,212.0,1.0
787,138.0,307.0,1.0
788,312.0,118.0,1.0
789,545.0,206.0,1.0
790,185.0,66.0,1.0
791,285.0,210.0,1.0
792,386.0,86.0,1.0
793,426.0,312.0,1.0
794,247.0,305.0,1.0
795,505.0,206.0,1.0
796,221.0,160.0,1.0
797,272.0,258.0,1.0
798,405.0,12.0,1.0
799,393.0,32.0,1.0
800,566.0,86.0,1.0
801,253.0,312.0,1.0
802,158.0,226.0,1.0
803,437.0,69.0,1.0
804,514.0,62.0,1.0
805,199.0,219.0,1.0
806,68.0,312.0,1.0
807,12.0,209.0,1.0
808,165.0,206.0,1.0
809,2.0,19.0,1.0
810,300.0,175.0,1.0
811,225.0,233.0,1.0
812,242.0,161.0,1.0
813,244.0,121.0,1.0
814,210.0,115.0,1.0
815,353.0,99.0,1.0
816,279.0,7.0,1.0
817,18.0,242.0,1.0
818,267.0,127.0,1.0
819,125.0,139.0,1.0
820,140.0,273.0,1.0
821,85.0,86.0,1.0
822,19.0,289.0,1.0
823,438.0,104.0,1.0
824,232.0,1.0,1.0
825,295.0,114.0,1.0
826,188.0,247.0,1.0
827,583.0,68.0,1.0
828,375.0,108.0,1.0
829,456.0,216.0,1.0
830,439.0,310.0,1.0
831,192.0,86.0,1.0
832,393.0,284.0,1.0
833,201.0,312.0,1.0
834,170.0,86.0,1.0
835,87.0,51.0,1.0
836,228.0,19.0,1.0
837,375.0,312.0,1.0
838,388.0,121.0,1.0
839,182.0,79.0,1.0
840,357.0,66.0,1.0
841,238.0,269.0,1.0
842,473.0,277.0,1.0
843,519.0,262.0,1.0
844,236.0,147.0,1.0
845,449.0,202.0,1.0
846,337.0,30.0,1.0
847,266.0,86.0,1.0
848,506.0,241.0,1.0
849,259.0,133.0,1.0
850,154.0,6.0,1.0
851,107.0,135.0,1.0
852,131.0,23.0,1.0
853,206.0,6.0,1.0
854,259.0,71.0,1.0
855,322.0,192.0,1.0
856,228.0,238.0,1.0
857,423.0,1.0,1.0
858,575.0,250.0,1.0
859,58.0,79.0,1.0
860,302.0,82.0,1.0
861,464.0,230.0,1.0
862,21.0,226.0,1.0
863,103.0,229.0,1.0
864,562.0,269.0,1.0
865,342.0,162.0,1.0
866,68.0,103.0,1.0
867,82.0,108.0,1.0
868,228.0,88.0,1.0
869,277.0,102.0,1.0
870,370.0,312.0,1.0
871,443.0,206.0,1.0
872,584.0,17.0,1.0
873,67.0,233.0,1.0
874,456.0,135.0,1.0
875,239.0,312.0,1.0
876,330.0,236.0,1.0
877,216.0,192.0,1.0
878,225.0,189.0,1.0
879,54.0,72.0,1.0
880,546.0,69.0,1.0
881,448.0,287.0,1.0
882,280.0,123.0,1.0
883,242.0,174.0,1.0
884,336.0,264.0,1.0
885,526.0,273.0,1.0
886,527.0,86.0,1.0
887,495.0,86.0,1.0
888,476.0,130.0,1.0
889,59.0,92.0,1.0
890,447.0,235.0,1.0
891,460.0,241.0,1.0
892,195.0,230.0,1.0
893,586.0,3.0,1.0
894,160.0,174.0,1.0
895,479.0,37.0,1.0
896,505.0,276.0,1.0
897,143.0,250.0,1.0
898,365.0,174.0,1.0
899,221.0,112.0,1.0
900,337.0,260.0,1.0
901,201.0,61.0,1.0
902,497.0,263.0,1.0
903,307.0,226.0,1.0
904,369.0,3.0,1.0
905,540.0,129.0,1.0
906,118.0,79.0,1.0
907,275.0,155.0,1.0
908,526.0,292.0,1.0
909,145.0,3.0,1.0
910,25.0,312.0,1.0
911,225.0,238.0,1.0
912,5.0,33.0,1.0
913,276.0,278.0,1.0
914,47.0,108.0,1.0
915,553.0,78.0,1.0
916,171.0,104.0,1.0
917,295.0,3.0,1.0
918,213.0,108.0,1.0
919,526.0,176.0,1.0
920,82.0,62.0,1.0
921,379.0,307.0,1.0
922,210.0,79.0,1.0
923,64.0,23.0,1.0
924,245.0,151.0,1.0
925,69.0,118.0,1.0
926,344.0,129.0,1.0
927,128.0,312.0,1.0
928,328.0,302.0,1.0
929,358.0,14.0,1.0
930,450.0,293.0,1.0
931,316.0,76.0,1.0
932,72.0,312.0,1.0
933,252.0,22.0,1.0
934,578.0,158.0,1.0
935,320.0,181.0,1.0
936,393.0,8.0,1.0
937,421.0,141.0,1.0
938,522.0,97.0,1.0
939,375.0,161.0,1.0
940,502.0,177.0,1.0
941,517.0,108.0,1.0
942,55.0,1.0,1.0
943,374.0,269.0,1.0
944,187.0,299.0,1.0
945,221.0,305.0,1.0
946,268.0,166.0,1.0
947,450.0,112.0,1.0
948,259.0,157.0,1.0
949,419.0,293.0,1.0
950,514.0,61.0,1.0
951,199.0,222.0,1.0
952,22.0,3.0,1.0
953,126.0,83.0,1.0
954,517.0,312.0,1.0
955,212.0,206.0,1.0
956,472.0,210.0,1.0
957,4.0,266.0,1.0
958,440.0,108.0,1.0
959,202.0,88.0,1.0
960,257.0,116.0,1.0
961,104.0,37.0,1.0
962,171.0,155.0,1.0
963,114.0,6.0,1.0
964,283.0,9.0,1.0
965,275.0,108.0,1.0
966,446.0,214.0,1.0
967,191.0,119.0,1.0
968,46.0,14.0,1.0
969,300.0,3.0,1.0
970,154.0,174.0,1.0
971,123.0,147.0,1.0
972,424.0,219.0,1.0
973,21.0,182.0,1.0
974,528.0,269.0,1.0
975,252.0,181.0,1.0
976,399.0,0.0,1.0
977,362.0,278.0,1.0
978,316.0,77.0,1.0
979,179.0,295.0,1.0
980,44.0,284.0,1.0
981,311.0,57.0,1.0
982,225.0,20.0,1.0
983,458.0,200.0,1.0
984,565.0,284.0,1.0
985,174.0,152.0,1.0
986,415.0,204.0,1.0
987,22.0,114.0,1.0
988,236.0,263.0,1.0
989,312.0,185.0,1.0
990,381.0,234.0,1.0
991,467.0,108.0,1.0
992,111.0,87.0,1.0
993,231.0,160.0,1.0
994,466.0,115.0,1.0
995,436.0,284.0,1.0
996,116.0,276.0,1.0
997,254.0,135.0,1.0
998,77.0,86.0,1.0
999,389.0,14.0,1.0
1000,264.0,241.0,1.0
1001,29.0,148.0,1.0
1002,140.0,30.0,1.0
1003,259.0,32.0,1.0
1004,523.0,62.0,1.0
1005,160.0,264.0,1.0
1006,344.0,108.0,1.0
1007,278.0,35.0,1.0
1008,81.0,175.0,1.0
1009,341.0,293.0,1.0
1010,189.0,265.0,1.0
1011,14.0,243.0,1.0
1012,10.0,305.0,1.0
1013,288.0,241.0,1.0
1014,521.0,38.0,1.0
1015,296.0,160.0,1.0
1016,339.0,118.0,1.0
1017,382.0,265.0,1.0
1018,356.0,38.0,1.0
1019,562.0,162.0,1.0
1020,371.0,79.0,1.0
1021,460.0,233.0,1.0
1022,537.0,174.0,1.0
1023,259.0,87.0,1.0
1024,304.0,145.0,1.0
1025,537.0,141.0,1.0
1026,255.0,199.0,1.0
1027,5.0,252.0,1.0
1028,584.0,108.0,1.0
1029,271.0,278.0,1.0
1030,423.0,86.0,1.0
1031,429.0,269.0,1.0
1032,10.0,293.0,1.0
1033,333.0,300.0,1.0
1034,150.0,37.0,1.0
1035,129.0,129.0,1.0
1036,521.0,193.0,1.0
1037,377.0,278.0,1.0
1038,506.0,238.0,1.0
1039,255.0,19.0,1.0
1040,224.0,108.0,1.0
1041,429.0,162.0,1.0
1042,95.0,307.0,1.0
1043,412.0,42.0,1.0
1044,337.0,273.0,1.0
1045,135.0,161.0,1.0
1046,145.0,241.0,1.0
1047,244.0,312.0,1.0
1048,509.0,118.0,1.0
1049,496.0,86.0,1.0
1050,338.0,174.0,1.0
1051,582.0,132.0,1.0
1052,370.0,264.0,1.0
1053,48.0,5.0,1.0
1054,574.0,250.0,1.0
1055,273.0,78.0,1.0
1056,154.0,161.0,1.0
1057,271.0,62.0,1.0
1058,520.0,312.0,1.0
1059,109.0,192.0,1.0
1060,208.0,115.0,1.0
1061,184.0,3.0,1.0
1062,289.0,156.0,1.0
1063,263.0,72.0,1.0
1064,172.0,270.0,1.0
1065,87.0,186.0,1.0
1066,570.0,162.0,1.0
1067,404.0,241.0,1.0
1068,331.0,50.0,1.0
1069,298.0,210.0,1.0
1070,67.0,206.0,1.0
1071,196.0,135.0,1.0
1072,498.0,279.0,1.0
1073,323.0,121.0,1.0
1074,115.0,19.0,1.0
1075,259.0,251.0,1.0
1076,496.0,104.0,1.0
1077,96.0,66.0,1.0
1078,93.0,246.0,1.0
1079,121.0,193.0,1.0
1080,307.0,182.0,1.0
1081,19.0,155.0,1.0
1082,197.0,86.0,1.0
1083,47.0,113.0,1.0
1084,278.0,34.0,1.0
1085,316.0,93.0,1.0
1086,537.0,32.0,1.0
1087,212.0,233.0,1.0
1088,313.0,66.0,1.0
1089,565.0,139.0,1.0
1090,158.0,183.0,1.0
1091,435.0,265.0,1.0
1092,455.0,37.0,1.0
1093,502.0,159.0,1.0
1094,160.0,218.0,1.0
1095,415.0,276.0,1.0
1096,566.0,79.0,1.0
1097,456.0,66.0,1.0
1098,251.0,241.0,1.0
1099,333.0,147.0,1.0
1100,18.0,25.0,1.0
1101,275.0,23.0,1.0
1102,261.0,87.0,1.0
1103,505.0,181.0,1.0
1104,421.0,165.0,1.0
1105,485.0,34.0,1.0
1106,446.0,202.0,1.0
1107,331.0,293.0,1.0
1108,348.0,37.0,1.0
1109,491.0,239.0,1.0
1110,23.0,273.0,1.0
1111,103.0,160.0,1.0
1112,252.0,162.0,1.0
1113,551.0,135.0,1.0
1114,402.0,307.0,1.0
1115,522.0,190.0,1.0
1116,162.0,284.0,1.0
1117,207.0,102.0,1.0
1118,302.0,30.0,1.0
1119,346.0,272.0,1.0
1120,169.0,65.0,1.0
1121,243.0,192.0,1.0
1122,268.0,269.0,1.0
1123,175.0,86.0,1.0
1124,319.0,284.0,1.0
1125,219.0,240.0,1.0
1126,426.0,264.0,1.0
1127,257.0,280.0,1.0
1128,416.0,257.0,1.0
1129,368.0,14.0,1.0
1130,278.0,37.0,1.0
1131,442.0,137.0,1.0
1132,132.0,173.0,1.0
1133,103.0,86.0,1.0
1134,163.0,75.0,1.0
1135,369.0,116.0,1.0
1136,209.0,18.0,1.0
1137,185.0,293.0,1.0
1138,359.0,282.0,1.0
1139,361.0,307.0,1.0
1140,188.0,117.0,1.0
1141,4.0,252.0,1.0
1142,458.0,82.0,1.0
1143,233.0,160.0,1.0
1144,107.0,249.0,1.0
1145,348.0,265.0,1.0
1146,267.0,222.0,1.0
1147,357.0,305.0,1.0
1148,489.0,86.0,1.0
1149,433.0,79.0,1.0
1150,211.0,270.0,1.0
1151,259.0,141.0,1.0
1152,498.0,220.0,1.0
1153,40.0,108.0,1.0
1154,537.0,181.0,1.0
1155,69.0,31.0,1.0
1156,513.0,312.0,1.0
1157,208.0,162.0,1.0
1158,103.0,203.0,1.0
1159,20.0,177.0,1.0
1160,171.0,312.0,1.0
1161,134.0,31.0,1.0
1162,543.0,312.0,1.0
1163,235.0,82.0,1.0
1164,112.0,311.0,1.0
1165,218.0,162.0,1.0
1166,368.0,129.0,1.0
1167,114.0,312.0,1.0
1168,133.0,130.0,1.0
1169,52.0,34.0,1.0
1170,60.0,232.0,1.0
1171,286.0,82.0,1.0
1172,329.0,258.0,1.0
1173,73.0,166.0,1.0
1174,320.0,204.0,1.0
1175,273.0,60.0,1.0
1176,210.0,220.0,1.0
1177,287.0,121.0,1.0
1178,555.0,263.0,1.0
1179,366.0,312.0,1.0
1180,128.0,102.0,1.0
1181,460.0,206.0,1.0
1182,252.0,6.0,1.0
1183,584.0,312.0,1.0
1184,319.0,59.0,1.0
1185,533.0,153.0,1.0
1186,244.0,17.0,1.0
1187,217.0,284.0,1.0
1188,439.0,14.0,1.0
1189,444.0,299.0,1.0
1190,167.0,147.0,1.0
1191,87.0,52.0,1.0
1192,336.0,251.0,1.0
1193,508.0,199.0,1.0
1194,68.0,108.0,1.0
1195,298.0,117.0,1.0
1196,288.0,276.0,1.0
1197,72.0,108.0,1.0
1198,84.0,15.0,1.0
1199,455.0,35.0,1.0
1200,248.0,133.0,1.0
1201,325.0,185.0,1.0
1202,569.0,275.0,1.0
1203,71.0,86.0,1.0
1204,375.0,156.0,1.0
1205,232.0,121.0,1.0
1206,275.0,102.0,1.0
1207,313.0,160.0,1.0
1208,487.0,312.0,1.0
1209,564.0,208.0,1.0
1210,356.0,84.0,1.0
1211,363.0,162.0,1.0
1212,432.0,241.0,1.0
1213,531.0,142.0,1.0
1214,252.0,122.0,1.0
1215,355.0,241.0,1.0
1216,225.0,276.0,1.0
1217,430.0,99.0,1.0
1218,179.0,117.0,1.0
1219,274.0,5.0,1.0
1220,528.0,149.0,1.0
1221,159.0,18.0,1.0
1222,440.0,312.0,1.0
1223,331.0,112.0,1.0
1224,0.0,284.0,1.0
1225,480.0,211.0,1.0
1226,281.0,82.0,1.0
1227,115.0,12.0,1.0
1228,389.0,147.0,1.0
1229,179.0,109.0,1.0
1230,229.0,103.0,1.0
1231,190.0,82.0,1.0
1232,211.0,210.0,1.0
1233,125.0,42.0,1.0
1234,502.0,70.0,1.0
1235,482.0,299.0,1.0
1236,358.0,147.0,1.0
1237,343.0,201.0,1.0
1238,466.0,86.0,1.0
1239,145.0,280.0,1.0
1240,24.0,117.0,1.0
1241,425.0,102.0,1.0
1242,331.0,160.0,1.0
1243,80.0,117.0,1.0
1244,172.0,117.0,1.0
1245,541.0,74.0,1.0
1246,203.0,174.0,1.0
1247,4.0,51.0,1.0
1248,186.0,62.0,1.0
1249,156.0,155.0,1.0
1250,231.0,112.0,1.0
1251,252.0,93.0,1.0
1252,519.0,302.0,1.0
1253,188.0,101.0,1.0
1254,441.0,82.0,1.0
1255,362.0,108.0,1.0
1256,229.0,23.0,1.0
1257,475.0,168.0,1.0
1258,363.0,269.0,1.0
1259,35.0,250.0,1.0
1260,396.0,86.0,1.0
1261,166.0,19.0,1.0
1262,412.0,151.0,1.0
1263,87.0,53.0,1.0
1264,307.0,183.0,1.0
1265,546.0,249.0,1.0
1266,333.0,29.0,1.0
1267,375.0,218.0,1.0
1268,366.0,108.0,1.0
1269,133.0,78.0,1.0
1270,143.0,230.0,1.0
1271,12.0,158.0,1.0
1272,387.0,86.0,1.0
1273,51.0,162.0,1.0
1274,113.0,155.0,1.0
1275,256.0,72.0,1.0
1276,232.0,73.0,1.0
1277,483.0,128.0,1.0
1278,226.0,148.0,1.0
1279,476.0,23.0,1.0
1280,586.0,291.0,1.0
1281,159.0,259.0,1.0
1282,395.0,269.0,1.0
1283,414.0,162.0,1.0
1284,297.0,118.0,1.0
1285,96.0,307.0,1.0
1286,222.0,135.0,1.0
1287,520.0,17.0,1.0
1288,190.0,108.0,1.0
1289,55.0,86.0,1.0
1290,276.0,61.0,1.0
1291,20.0,197.0,1.0
1292,493.0,69.0,1.0
1293,301.0,86.0,1.0
1294,356.0,264.0,1.0
1295,236.0,251.0,1.0
1296,420.0,8.0,1.0
1297,318.0,260.0,1.0
1298,582.0,257.0,1.0
1299,133.0,310.0,1.0
1300,582.0,131.0,1.0
1301,152.0,37.0,1.0
1302,205.0,75.0,1.0
1303,49.0,102.0,1.0
1304,370.0,156.0,1.0
1305,365.0,312.0,1.0
1306,31.0,144.0,1.0
1307,252.0,94.0,1.0
1308,413.0,276.0,1.0
1309,231.0,293.0,1.0
1310,571.0,169.0,1.0
1311,460.0,15.0,1.0
1312,29.0,68.0,1.0
1313,524.0,86.0,1.0
1314,363.0,166.0,1.0
1315,369.0,280.0,1.0
1316,328.0,300.0,1.0
1317,341.0,160.0,1.0
1318,338.0,218.0,1.0
1319,424.0,241.0,1.0
1320,84.0,206.0,1.0
1321,212.0,214.0,1.0
1322,244.0,108.0,1.0
1323,421.0,133.0,1.0
1324,309.0,32.0,1.0
1325,521.0,276.0,1.0
1326,105.0,269.0,1.0
1327,520.0,103.0,1.0
1328,160.0,108.0,1.0
1329,327.0,310.0,1.0
1330,95.0,102.0,1.0
1331,48.0,117.0,1.0
1332,375.0,174.0,1.0
1333,376.0,109.0,1.0
1334,500.0,108.0,1.0
1335,473.0,230.0,1.0
1336,412.0,284.0,1.0
1337,417.0,31.0,1.0
1338,306.0,211.0,1.0
1339,484.0,263.0,1.0
1340,104.0,139.0,1.0
1341,154.0,108.0,1.0
1342,340.0,86.0,1.0
1343,214.0,8.0,1.0
1344,563.0,119.0,1.0
1345,486.0,116.0,1.0
1346,12.0,198.0,1.0
1347,397.0,79.0,1.0
1348,58.0,102.0,1.0
1349,308.0,147.0,1.0
1350,225.0,181.0,1.0
1351,522.0,61.0,1.0
1352,352.0,241.0,1.0
1353,296.0,305.0,1.0
1354,423.0,234.0,1.0
1355,171.0,86.0,1.0
1356,199.0,48.0,1.0
1357,48.0,182.0,1.0
1358,313.0,305.0,1.0
1359,268.0,162.0,1.0
1360,563.0,118.0,1.0
1361,314.0,86.0,1.0
1362,203.0,312.0,1.0
1363,526.0,80.0,1.0
1364,405.0,241.0,1.0
1365,139.0,311.0,1.0
1366,31.0,117.0,1.0
1367,405.0,66.0,1.0
1368,26.0,108.0,1.0
1369,487.0,299.0,1.0
1370,19.0,287.0,1.0
1371,90.0,241.0,1.0
1372,232.0,86.0,1.0
1373,168.0,61.0,1.0
1374,160.0,312.0,1.0
1375,531.0,190.0,1.0
1376,333.0,45.0,1.0
1377,537.0,264.0,1.0
1378,356.0,251.0,1.0
1379,322.0,269.0,1.0
1380,456.0,160.0,1.0
1381,59.0,220.0,1.0
1382,173.0,66.0,1.0
1383,282.0,135.0,1.0
1384,211.0,86.0,1.0
1385,215.0,211.0,1.0
1386,312.0,105.0,1.0
1387,222.0,0.0,1.0
1388,137.0,118.0,1.0
1389,365.0,166.0,1.0
1390,421.0,232.0,1.0
1391,328.0,262.0,1.0
1392,49.0,296.0,1.0
1393,184.0,19.0,1.0
1394,450.0,160.0,1.0
1395,311.0,69.0,1.0
1396,519.0,301.0,1.0
1397,591.0,147.0,1.0
1398,190.0,312.0,1.0
1399,338.0,312.0,1.0
1400,213.0,312.0,1.0
1401,354.0,79.0,1.0
1402,418.0,19.0,1.0
1403,415.0,241.0,1.0
1404,487.0,108.0,1.0
1405,188.0,221.0,1.0
1406,454.0,23.0,1.0
1407,454.0,162.0,1.0
1408,225.0,192.0,1.0
1409,214.0,19.0,1.0
1410,356.0,174.0,1.0
1411,93.0,7.0,1.0
1412,47.0,174.0,1.0
1413,537.0,192.0,1.0
1414,230.0,185.0,1.0
1415,549.0,35.0,1.0
1416,71.0,230.0,1.0
1417,403.0,42.0,1.0
1418,537.0,212.0,1.0
1419,434.0,232.0,1.0
1420,19.0,244.0,1.0
1421,402.0,86.0,1.0
1422,289.0,264.0,1.0
1423,506.0,206.0,1.0
1424,281.0,108.0,1.0
1425,342.0,166.0,1.0
1426,316.0,136.0,1.0
1427,110.0,147.0,1.0
1428,138.0,83.0,1.0
1429,549.0,34.0,1.0
1430,364.0,108.0,1.0
1431,397.0,102.0,1.0
1432,231.0,305.0,1.0
1433,357.0,160.0,1.0
1434,185.0,112.0,1.0
1435,526.0,196.0,1.0
1436,291.0,155.0,1.0
1437,381.0,146.0,1.0
1438,247.0,293.0,1.0
1439,533.0,88.0,1.0
1440,293.0,155.0,1.0
1441,416.0,108.0,1.0
1442,259.0,264.0,1.0
1443,195.0,14.0,1.0
1444,245.0,3.0,1.0
1445,293.0,257.0,1.0
1446,49.0,298.0,1.0
1447,0.0,274.0,1.0
1448,199.0,238.0,1.0
1449,237.0,8.0,1.0
1450,509.0,119.0,1.0
1451,300.0,42.0,1.0
1452,468.0,72.0,1.0
1453,155.0,69.0,1.0
1454,591.0,14.0,1.0
1455,538.0,118.0,1.0
1456,37.0,312.0,1.0
1457,247.0,66.0,1.0
1458,552.0,288.0,1.0
1459,430.0,75.0,1.0
1460,194.0,293.0,1.0
1461,523.0,61.0,1.0
1462,179.0,210.0,1.0
1463,233.0,112.0,1.0
1464,423.0,303.0,1.0
1465,78.0,71.0,1.0
1466,321.0,240.0,1.0
1467,544.0,128.0,1.0
1468,341.0,66.0,1.0
1469,247.0,160.0,1.0
1470,252.0,141.0,1.0
1471,183.0,214.0,1.0
1472,169.0,240.0,1.0
1473,539.0,109.0,1.0
1474,67.0,63.0,1.0
1475,328.0,177.0,1.0
1476,99.0,119.0,1.0
1477,349.0,31.0,1.0
1478,417.0,118.0,1.0
1479,210.0,162.0,1.0
1480,259.0,93.0,1.0
1481,199.0,16.0,1.0
1482,381.0,300.0,1.0
1483,329.0,3.0,1.0
1484,185.0,56.0,1.0
1485,237.0,66.0,1.0
1486,506.0,193.0,1.0
1487,138.0,278.0,1.0
1488,212.0,181.0,1.0
1489,441.0,312.0,1.0
1490,242.0,312.0,1.0
1491,267.0,20.0,1.0
1492,545.0,181.0,1.0
1493,145.0,116.0,1.0
1494,97.0,79.0,1.0
1495,481.0,34.0,1.0
1496,456.0,112.0,1.0
1497,521.0,206.0,1.0
1498,385.0,102.0,1.0
1499,45.0,103.0,1.0
1500,412.0,175.0,1.0
1501,407.0,26.0,1.0
1502,0.0,128.0,1.0
1503,112.0,108.0,1.0
1504,212.0,204.0,1.0
1505,577.0,135.0,1.0
1506,48.0,183.0,1.0
1507,332.0,30.0,1.0
1508,95.0,79.0,1.0
1509,107.0,109.0,1.0
1510,377.0,108.0,1.0
1511,34.0,118.0,1.0
1512,86.0,86.0,1.0
1513,92.0,312.0,1.0
1514,556.0,160.0,1.0
1515,289.0,161.0,1.0
1516,333.0,47.0,1.0
1517,464.0,277.0,1.0
1518,307.0,60.0,1.0
1519,101.0,312.0,1.0
1520,328.0,285.0,1.0
1521,225.0,235.0,1.0
1522,498.0,22.0,1.0
1523,45.0,83.0,1.0
1524,196.0,138.0,1.0
1525,137.0,31.0,1.0
1526,354.0,307.0,1.0
1527,113.0,261.0,1.0
1528,259.0,84.0,1.0
1529,424.0,16.0,1.0
1530,569.0,174.0,1.0
1531,138.0,62.0,1.0
1532,229.0,17.0,1.0
1533,485.0,37.0,1.0
1534,502.0,29.0,1.0
1535,158.0,79.0,1.0
1536,307.0,138.0,1.0
1537,283.0,260.0,1.0
1538,424.0,167.0,1.0
1539,132.0,182.0,1.0
1540,245.0,288.0,1.0
1541,70.0,108.0,1.0
1542,135.0,174.0,1.0
1543,259.0,192.0,1.0
1544,419.0,305.0,1.0
1545,49.0,297.0,1.0
1546,168.0,62.0,1.0
1547,355.0,98.0,1.0
1548,47.0,312.0,1.0
1549,283.0,299.0,1.0
1550,545.0,241.0,1.0
1551,209.0,178.0,1.0
1552,423.0,285.0,1.0
1553,481.0,35.0,1.0
1554,62.0,60.0,1.0
1555,508.0,19.0,1.0
1556,310.0,162.0,1.0
1557,146.0,108.0,1.0
1558,26.0,312.0,1.0
1559,491.0,97.0,1.0
1560,186.0,278.0,1.0
1561,34.0,31.0,1.0
1562,144.0,21.0,1.0
1563,245.0,42.0,1.0
1564,53.0,312.0,1.0
1565,556.0,305.0,1.0
1566,432.0,204.0,1.0
1567,275.0,299.0,1.0
1568,475.0,22.0,1.0
1569,481.0,265.0,1.0
1570,212.0,15.0,1.0
1571,432.0,181.0,1.0
1572,530.0,109.0,1.0
1573,519.0,308.0,1.0
1574,103.0,50.0,1.0
1575,175.0,254.0,1.0
1576,353.0,98.0,1.0
1577,103.0,112.0,1.0
1578,496.0,108.0,1.0
1579,423.0,300.0,1.0
1580,424.0,19.0,1.0
1581,73.0,269.0,1.0
1582,225.0,48.0,1.0
1583,130.0,118.0,1.0
1584,387.0,155.0,1.0
1585,167.0,14.0,1.0
1586,397.0,273.0,1.0
1587,537.0,241.0,1.0
1588,501.0,155.0,1.0
1589,233.0,305.0,1.0
1590,296.0,293.0,1.0
1591,517.0,130.0,1.0
1592,507.0,299.0,1.0
1593,71.0,102.0,1.0
1594,559.0,177.0,1.0
1595,80.0,86.0,1.0
1596,461.0,105.0,1.0
1597,270.0,39.0,1.0
1598,544.0,241.0,1.0
1599,127.0,79.0,1.0
1600,469.0,72.0,1.0
1601,81.0,258.0,1.0
1602,180.0,5.0,1.0
1603,193.0,128.0,1.0
1604,270.0,197.0,1.0
1605,499.0,241.0,1.0
1606,316.0,241.0,1.0
1607,471.0,128.0,1.0
1608,441.0,34.0,1.0
1609,271.0,108.0,1.0
1610,110.0,263.0,1.0
1611,360.0,230.0,1.0
1612,501.0,107.0,1.0
1613,529.0,162.0,1.0
1614,289.0,108.0,1.0
1615,472.0,117.0,1.0
1616,31.0,210.0,1.0
1617,290.0,246.0,1.0
1618,288.0,181.0,1.0
1619,501.0,102.0,1.0
1620,353.0,241.0,1.0
1621,223.0,79.0,1.0
1622,303.0,8.0,1.0
1623,225.0,193.0,1.0
1624,459.0,12.0,1.0
1625,239.0,86.0,1.0
1626,339.0,31.0,1.0
1627,29.0,86.0,1.0
1628,287.0,97.0,1.0
1629,511.0,108.0,1.0
1630,471.0,19.0,1.0
1631,543.0,108.0,1.0
1632,519.0,303.0,1.0
1633,195.0,251.0,1.0
1634,103.0,49.0,1.0
1635,178.0,269.0,1.0
1636,115.0,151.0,1.0
1637,29.0,41.0,1.0
1638,493.0,117.0,1.0
1639,404.0,16.0,1.0
1640,181.0,111.0,1.0
1641,257.0,90.0,1.0
1642,29.0,38.0,1.0
1643,279.0,31.0,1.0
1644,199.0,137.0,1.0
1645,409.0,108.0,1.0
1646,93.0,135.0,1.0
1647,326.0,137.0,1.0
1648,76.0,23.0,1.0
1649,463.0,177.0,1.0
1650,225.0,93.0,1.0
1651,19.0,191.0,1.0
1652,95.0,66.0,1.0
1653,144.0,143.0,1.0
1654,335.0,312.0,1.0
1655,51.0,269.0,1.0
1656,105.0,166.0,1.0
1657,304.0,130.0,1.0
1658,356.0,87.0,1.0
1659,52.0,35.0,1.0
1660,39.0,66.0,1.0
1661,108.0,103.0,1.0
1662,234.0,172.0,1.0
1663,397.0,305.0,1.0
1664,289.0,166.0,1.0
1665,426.0,33.0,1.0
1666,94.0,102.0,1.0
1667,215.0,210.0,1.0
1668,2.0,274.0,1.0
1669,48.0,306.0,1.0
1670,311.0,38.0,1.0
1671,13.0,154.0,1.0
1672,405.0,84.0,1.0
1673,326.0,193.0,1.0
1674,534.0,79.0,1.0
1675,278.0,265.0,1.0
1676,134.0,287.0,1.0
1677,397.0,112.0,1.0
1678,163.0,288.0,1.0
1679,172.0,266.0,1.0
1680,226.0,41.0,1.0
1681,520.0,147.0,1.0
1682,294.0,48.0,1.0
1683,197.0,79.0,1.0
1684,390.0,220.0,1.0
1685,47.0,82.0,1.0
1686,334.0,232.0,1.0
1687,504.0,79.0,1.0
1688,176.0,155.0,1.0
1689,32.0,312.0,1.0
1690,350.0,86.0,1.0
1691,313.0,293.0,1.0
1692,64.0,6.0,1.0
1693,412.0,258.0,1.0
1694,365.0,108.0,1.0
1695,48.0,138.0,1.0
1696,287.0,190.0,1.0
1697,559.0,197.0,1.0
1698,331.0,66.0,1.0
1699,406.0,108.0,1.0
1700,47.0,161.0,1.0
1701,164.0,32.0,1.0
1702,537.0,94.0,1.0
1703,297.0,119.0,1.0
1704,307.0,306.0,1.0
1705,10.0,66.0,1.0
1706,519.0,285.0,1.0
1707,78.0,114.0,1.0
1708,427.0,269.0,1.0
1709,124.0,79.0,1.0
1710,65.0,241.0,1.0
1711,97.0,102.0,1.0
1712,286.0,108.0,1.0
1713,372.0,86.0,1.0
1714,296.0,112.0,1.0
1715,377.0,61.0,1.0
1716,393.0,86.0,1.0
1717,225.0,58.0,1.0
1718,10.0,160.0,1.0
1719,476.0,225.0,1.0
1720,21.0,183.0,1.0
1721,11.0,180.0,1.0
1722,158.0,138.0,1.0
1723,226.0,6.0,1.0
1724,460.0,193.0,1.0
1725,68.0,311.0,1.0
1726,59.0,38.0,1.0
1727,421.0,211.0,1.0
1728,410.0,225.0,1.0
1729,24.0,109.0,1.0
1730,353.0,235.0,1.0
1731,493.0,230.0,1.0
1732,587.0,288.0,1.0
1733,557.0,197.0,1.0
1734,64.0,177.0,1.0
1735,3.0,280.0,1.0
1736,79.0,35.0,1.0
1737,272.0,175.0,1.0
1738,470.0,22.0,1.0
1739,483.0,41.0,0.0
1740,106.0,203.0,0.0
1741,172.0,61.0,0.0
1742,434.0,41.0,0.0
1743,385.0,255.0,0.0
1744,584.0,187.0,0.0
1745,269.0,167.0,0.0
1746,101.0,43.0,0.0
1747,201.0,221.0,0.0
1748,222.0,218.0,0.0
1749,389.0,26.0,0.0
1750,502.0,252.0,0.0
1751,369.0,168.0,0.0
1752,391.0,113.0,0.0
1753,409.0,110.0,0.0
1754,198.0,209.0,0.0
1755,436.0,61.0,0.0
1756,558.0,276.0,0.0
1757,105.0,285.0,0.0
1758,576.0,34.0,0.0
1759,93.0,291.0,0.0
1760,236.0,309.0,0.0
1761,499.0,309.0,0.0
1762,555.0,297.0,0.0
1763,128.0,258.0,0.0
1764,543.0,252.0,0.0
1765,565.0,74.0,0.0
1766,313.0,51.0,0.0
1767,461.0,133.0,0.0
1768,583.0,237.0,0.0
1769,222.0,139.0,0.0
1770,532.0,276.0,0.0
1771,549.0,106.0,0.0
1772,131.0,224.0,0.0
1773,585.0,290.0,0.0
1774,549.0,194.0,0.0
1775,35.0,179.0,0.0
1776,282.0,24.0,0.0
1777,544.0,45.0,0.0
1778,214.0,14.0,0.0
1779,426.0,207.0,0.0
1780,161.0,217.0,0.0
1781,91.0,18.0,0.0
1782,212.0,111.0,0.0
1783,439.0,137.0,0.0
1784,540.0,104.0,0.0
1785,416.0,78.0,0.0
1786,506.0,89.0,0.0
1787,502.0,213.0,0.0
1788,583.0,208.0,0.0
1789,38.0,41.0,0.0
1790,358.0,151.0,0.0
1791,356.0,48.0,0.0
1792,463.0,144.0,0.0
1793,563.0,163.0,0.0
1794,339.0,134.0,0.0
1795,518.0,303.0,0.0
1796,205.0,79.0,0.0
1797,35.0,134.0,0.0
1798,267.0,53.0,0.0
1799,543.0,270.0,0.0
1800,499.0,9.0,0.0
1801,229.0,260.0,0.0
1802,162.0,205.0,0.0
1803,166.0,232.0,0.0
1804,28.0,190.0,0.0
1805,214.0,69.0,0.0
1806,169.0,262.0,0.0
1807,245.0,36.0,0.0
1808,90.0,266.0,0.0
1809,564.0,69.0,0.0
1810,113.0,221.0,0.0
1811,525.0,0.0,0.0
1812,420.0,154.0,0.0
1813,0.0,235.0,0.0
1814,258.0,267.0,0.0
1815,386.0,216.0,0.0
1816,381.0,10.0,0.0
1817,490.0,60.0,0.0
1818,25.0,216.0,0.0
1819,331.0,256.0,0.0
1820,163.0,161.0,0.0
1821,193.0,14.0,0.0
1822,420.0,152.0,0.0
1823,526.0,91.0,0.0
1824,35.0,185.0,0.0
1825,276.0,267.0,0.0
1826,270.0,268.0,0.0
1827,62.0,220.0,0.0
1828,98.0,265.0,0.0
1829,520.0,81.0,0.0
1830,52.0,12.0,0.0
1831,215.0,57.0,0.0
1832,456.0,127.0,0.0
1833,531.0,101.0,0.0
1834,94.0,173.0,0.0
1835,273.0,263.0,0.0
1836,519.0,304.0,0.0
1837,588.0,299.0,0.0
1838,266.0,74.0,0.0
1839,376.0,270.0,0.0
1840,310.0,13.0,0.0
1841,546.0,41.0,0.0
1842,267.0,181.0,0.0
1843,85.0,34.0,0.0
1844,590.0,22.0,0.0
1845,269.0,120.0,0.0
1846,466.0,36.0,0.0
1847,381.0,191.0,0.0
1848,267.0,220.0,0.0
1849,97.0,91.0,0.0
1850,76.0,32.0,0.0
1851,105.0,96.0,0.0
1852,297.0,184.0,0.0
1853,373.0,153.0,0.0
1854,36.0,70.0,0.0
1855,410.0,7.0,0.0
1856,190.0,138.0,0.0
1857,336.0,286.0,0.0
1858,82.0,128.0,0.0
1859,89.0,20.0,0.0
1860,311.0,173.0,0.0
1861,472.0,243.0,0.0
1862,230.0,301.0,0.0
1863,327.0,132.0,0.0
1864,252.0,127.0,0.0
1865,222.0,74.0,0.0
1866,548.0,278.0,0.0
1867,378.0,239.0,0.0
1868,497.0,310.0,0.0
1869,162.0,173.0,0.0
1870,371.0,131.0,0.0
1871,559.0,263.0,0.0
1872,306.0,280.0,0.0
1873,80.0,154.0,0.0
1874,275.0,74.0,0.0
1875,31.0,89.0,0.0
1876,270.0,295.0,0.0
1877,178.0,105.0,0.0
1878,181.0,15.0,0.0
1879,367.0,94.0,0.0
1880,137.0,18.0,0.0
1881,74.0,265.0,0.0
1882,133.0,272.0,0.0
1883,378.0,106.0,0.0
1884,248.0,239.0,0.0
1885,163.0,16.0,0.0
1886,126.0,97.0,0.0
1887,438.0,288.0,0.0
1888,9.0,286.0,0.0
1889,531.0,122.0,0.0
1890,245.0,68.0,0.0
1891,313.0,183.0,0.0
1892,155.0,212.0,0.0
1893,149.0,19.0,0.0
1894,325.0,217.0,0.0
1895,488.0,26.0,0.0
1896,320.0,6.0,0.0
1897,67.0,60.0,0.0
1898,403.0,302.0,0.0
1899,499.0,55.0,0.0
1900,225.0,10.0,0.0
1901,447.0,259.0,0.0
1902,335.0,275.0,0.0
1903,289.0,133.0,0.0
1904,1.0,306.0,0.0
1905,238.0,214.0,0.0
1906,496.0,99.0,0.0
1907,262.0,83.0,0.0
1908,156.0,297.0,0.0
1909,257.0,44.0,0.0
1910,308.0,93.0,0.0
1911,128.0,256.0,0.0
1912,47.0,292.0,0.0
1913,342.0,212.0,0.0
1914,543.0,134.0,0.0
1915,380.0,47.0,0.0
1916,165.0,109.0,0.0
1917,457.0,194.0,0.0
1918,503.0,282.0,0.0
1919,246.0,7.0,0.0
1920,30.0,127.0,0.0
1921,134.0,281.0,0.0
1922,133.0,214.0,0.0
1923,213.0,11.0,0.0
1924,135.0,92.0,0.0
1925,246.0,245.0,0.0
1926,555.0,62.0,0.0
1927,430.0,142.0,0.0
1928,101.0,113.0,0.0
1929,302.0,257.0,0.0
1930,492.0,186.0,0.0
1931,218.0,12.0,0.0
1932,184.0,11.0,0.0
1933,164.0,259.0,0.0
1934,513.0,20.0,0.0
1935,398.0,302.0,0.0
1936,383.0,119.0,0.0
1937,433.0,308.0,0.0
1938,426.0,167.0,0.0
1939,172.0,253.0,0.0
1940,508.0,221.0,0.0
1941,166.0,296.0,0.0
1942,110.0,28.0,0.0
1943,298.0,123.0,0.0
1944,132.0,79.0,0.0
1945,531.0,206.0,0.0
1946,448.0,210.0,0.0
1947,170.0,114.0,0.0
1948,405.0,287.0,0.0
1949,4.0,61.0,0.0
1950,441.0,99.0,0.0
1951,74.0,168.0,0.0
1952,71.0,43.0,0.0
1953,502.0,40.0,0.0
1954,114.0,126.0,0.0
1955,87.0,174.0,0.0
1956,317.0,310.0,0.0
1957,362.0,222.0,0.0
1958,134.0,183.0,0.0
1959,312.0,228.0,0.0
1960,562.0,127.0,0.0
1961,529.0,81.0,0.0
1962,331.0,72.0,0.0
1963,89.0,244.0,0.0
1964,261.0,72.0,0.0
1965,577.0,269.0,0.0
1966,118.0,282.0,0.0
1967,448.0,49.0,0.0
1968,103.0,71.0,0.0
1969,142.0,10.0,0.0
1970,354.0,166.0,0.0
1971,528.0,84.0,0.0
1972,246.0,34.0,0.0
1973,318.0,135.0,0.0
1974,405.0,158.0,0.0
1975,98.0,118.0,0.0
1976,317.0,57.0,0.0
1977,444.0,14.0,0.0
1978,63.0,7.0,0.0
1979,419.0,65.0,0.0
1980,387.0,28.0,0.0
1981,267.0,103.0,0.0
1982,366.0,204.0,0.0
1983,299.0,42.0,0.0
1984,396.0,276.0,0.0
1985,121.0,230.0,0.0
1986,43.0,44.0,0.0
1987,91.0,188.0,0.0
1988,415.0,8.0,0.0
1989,548.0,100.0,0.0
1990,492.0,265.0,0.0
1991,255.0,303.0,0.0
1992,433.0,115.0,0.0
1993,10.0,26.0,0.0
1994,193.0,301.0,0.0
1995,411.0,100.0,0.0
1996,215.0,19.0,0.0
1997,114.0,194.0,0.0
1998,212.0,120.0,0.0
1999,585.0,91.0,0.0
2000,163.0,2.0,0.0
2001,90.0,138.0,0.0
2002,362.0,235.0,0.0
2003,574.0,13.0,0.0
2004,276.0,295.0,0.0
2005,392.0,277.0,0.0
2006,174.0,153.0,0.0
2007,581.0,35.0,0.0
2008,37.0,190.0,0.0
2009,481.0,260.0,0.0
2010,455.0,62.0,0.0
2011,481.0,195.0,0.0
2012,178.0,114.0,0.0
2013,421.0,70.0,0.0
2014,231.0,8.0,0.0
2015,233.0,69.0,0.0
2016,195.0,267.0,0.0
2017,507.0,115.0,0.0
2018,345.0,58.0,0.0
2019,328.0,38.0,0.0
2020,54.0,126.0,0.0
2021,441.0,286.0,0.0
2022,456.0,29.0,0.0
2023,300.0,15.0,0.0
2024,284.0,134.0,0.0
2025,520.0,90.0,0.0
2026,426.0,20.0,0.0
2027,438.0,231.0,0.0
2028,6.0,310.0,0.0
2029,219.0,69.0,0.0
2030,49.0,285.0,0.0
2031,197.0,186.0,0.0
2032,112.0,171.0,0.0
2033,519.0,156.0,0.0
2034,430.0,74.0,0.0
2035,417.0,206.0,0.0
2036,126.0,160.0,0.0
2037,128.0,273.0,0.0
2038,449.0,106.0,0.0
2039,337.0,107.0,0.0
2040,574.0,239.0,0.0
2041,452.0,195.0,0.0
2042,279.0,90.0,0.0
2043,240.0,251.0,0.0
2044,267.0,25.0,0.0
2045,442.0,44.0,0.0
2046,576.0,64.0,0.0
2047,43.0,69.0,0.0
2048,544.0,286.0,0.0
2049,309.0,26.0,0.0
2050,571.0,5.0,0.0
2051,355.0,197.0,0.0
2052,498.0,123.0,0.0
2053,67.0,124.0,0.0
2054,542.0,287.0,0.0
2055,574.0,39.0,0.0
2056,157.0,104.0,0.0
2057,400.0,184.0,0.0
2058,539.0,310.0,0.0
2059,462.0,15.0,0.0
2060,217.0,71.0,0.0
2061,123.0,304.0,0.0
2062,509.0,88.0,0.0
2063,307.0,6.0,0.0
2064,466.0,82.0,0.0
2065,343.0,16.0,0.0
2066,400.0,284.0,0.0
2067,502.0,181.0,0.0
2068,315.0,237.0,0.0
2069,432.0,34.0,0.0
2070,267.0,260.0,0.0
2071,578.0,233.0,0.0
2072,28.0,74.0,0.0
2073,274.0,269.0,0.0
2074,528.0,270.0,0.0
2075,313.0,67.0,0.0
2076,368.0,195.0,0.0
2077,109.0,183.0,0.0
2078,317.0,82.0,0.0
2079,126.0,221.0,0.0
2080,467.0,232.0,0.0
2081,146.0,287.0,0.0
2082,1.0,123.0,0.0
2083,528.0,227.0,0.0
2084,561.0,176.0,0.0
2085,565.0,35.0,0.0
2086,498.0,212.0,0.0
2087,92.0,213.0,0.0
2088,433.0,38.0,0.0
2089,563.0,240.0,0.0
2090,199.0,290.0,0.0
2091,548.0,184.0,0.0
2092,422.0,68.0,0.0
2093,266.0,197.0,0.0
2094,408.0,136.0,0.0
2095,406.0,32.0,0.0
2096,282.0,281.0,0.0
2097,69.0,88.0,0.0
2098,2.0,96.0,0.0
2099,136.0,34.0,0.0
2100,427.0,94.0,0.0
2101,205.0,157.0,0.0
2102,179.0,17.0,0.0
2103,121.0,10.0,0.0
2104,348.0,180.0,0.0
2105,54.0,18.0,0.0
2106,510.0,189.0,0.0
2107,416.0,175.0,0.0
2108,98.0,90.0,0.0
2109,285.0,136.0,0.0
2110,380.0,284.0,0.0
2111,93.0,176.0,0.0
2112,163.0,221.0,0.0
2113,76.0,272.0,0.0
2114,343.0,266.0,0.0
2115,351.0,146.0,0.0
2116,97.0,302.0,0.0
2117,53.0,167.0,0.0
2118,470.0,194.0,0.0
2119,416.0,217.0,0.0
2120,193.0,77.0,0.0
2121,573.0,299.0,0.0
2122,194.0,90.0,0.0
2123,1.0,12.0,0.0
2124,143.0,98.0,0.0
2125,87.0,20.0,0.0
2126,419.0,176.0,0.0
2127,341.0,231.0,0.0
2128,331.0,285.0,0.0
2129,468.0,111.0,0.0
2130,378.0,225.0,0.0
2131,161.0,205.0,0.0
2132,277.0,42.0,0.0
2133,217.0,198.0,0.0
2134,348.0,287.0,0.0
2135,481.0,196.0,0.0
2136,192.0,206.0,0.0
2137,399.0,207.0,0.0
2138,391.0,269.0,0.0
2139,499.0,271.0,0.0
2140,557.0,19.0,0.0
2141,337.0,85.0,0.0
2142,152.0,235.0,0.0
2143,569.0,179.0,0.0
2144,469.0,97.0,0.0
2145,437.0,32.0,0.0
2146,342.0,266.0,0.0
2147,576.0,10.0,0.0
2148,83.0,98.0,0.0
2149,151.0,264.0,0.0
2150,50.0,78.0,0.0
2151,36.0,112.0,0.0
2152,398.0,304.0,0.0
2153,494.0,23.0,0.0
2154,316.0,191.0,0.0
2155,456.0,25.0,0.0
2156,375.0,253.0,0.0
2157,103.0,152.0,0.0
2158,290.0,31.0,0.0
2159,528.0,308.0,0.0
2160,138.0,40.0,0.0
2161,536.0,267.0,0.0
2162,289.0,53.0,0.0
2163,121.0,44.0,0.0
2164,525.0,80.0,0.0
2165,78.0,260.0,0.0
2166,176.0,218.0,0.0
2167,123.0,155.0,0.0
2168,205.0,33.0,0.0
2169,229.0,252.0,0.0
2170,338.0,12.0,0.0
2171,461.0,237.0,0.0
2172,53.0,94.0,0.0
2173,590.0,196.0,0.0
2174,160.0,293.0,0.0
2175,21.0,153.0,0.0
2176,345.0,218.0,0.0
2177,46.0,297.0,0.0
2178,450.0,7.0,0.0
2179,332.0,297.0,0.0
2180,567.0,64.0,0.0
2181,168.0,284.0,0.0
2182,277.0,230.0,0.0
2183,240.0,288.0,0.0
2184,146.0,295.0,0.0
2185,330.0,7.0,0.0
2186,281.0,166.0,0.0
2187,311.0,117.0,0.0
2188,119.0,183.0,0.0
2189,454.0,172.0,0.0
2190,393.0,153.0,0.0
2191,272.0,269.0,0.0
2192,344.0,258.0,0.0
2193,574.0,297.0,0.0
2194,534.0,187.0,0.0
2195,343.0,136.0,0.0
2196,541.0,73.0,0.0
2197,141.0,264.0,0.0
2198,104.0,76.0,0.0
2199,226.0,77.0,0.0
2200,403.0,119.0,0.0
2201,345.0,230.0,0.0
2202,398.0,187.0,0.0
2203,543.0,273.0,0.0
2204,458.0,298.0,0.0
2205,289.0,181.0,0.0
2206,513.0,266.0,0.0
2207,108.0,71.0,0.0
2208,23.0,135.0,0.0
2209,403.0,131.0,0.0
2210,367.0,184.0,0.0
2211,525.0,102.0,0.0
2212,581.0,255.0,0.0
2213,173.0,134.0,0.0
2214,110.0,26.0,0.0
2215,289.0,223.0,0.0
2216,105.0,295.0,0.0
2217,519.0,38.0,0.0
2218,313.0,70.0,0.0
2219,51.0,227.0,0.0
2220,512.0,206.0,0.0
2221,535.0,77.0,0.0
2222,401.0,190.0,0.0
2223,404.0,305.0,0.0
2224,402.0,0.0,0.0
2225,496.0,158.0,0.0
2226,155.0,114.0,0.0
2227,142.0,246.0,0.0
2228,374.0,26.0,0.0
2229,232.0,160.0,0.0
2230,511.0,260.0,0.0
2231,337.0,298.0,0.0
2232,481.0,166.0,0.0
2233,458.0,283.0,0.0
2234,157.0,284.0,0.0
2235,232.0,162.0,0.0
2236,272.0,279.0,0.0
2237,327.0,304.0,0.0
2238,250.0,135.0,0.0
2239,471.0,183.0,0.0
2240,187.0,247.0,0.0
2241,74.0,304.0,0.0
2242,254.0,196.0,0.0
2243,65.0,221.0,0.0
2244,263.0,287.0,0.0
2245,344.0,209.0,0.0
2246,589.0,209.0,0.0
2247,74.0,247.0,0.0
2248,431.0,180.0,0.0
2249,28.0,164.0,0.0
2250,517.0,291.0,0.0
2251,377.0,68.0,0.0
2252,307.0,267.0,0.0
2253,162.0,224.0,0.0
2254,227.0,131.0,0.0
2255,470.0,18.0,0.0
2256,472.0,36.0,0.0
2257,270.0,114.0,0.0
2258,588.0,283.0,0.0
2259,34.0,97.0,0.0
2260,436.0,26.0,0.0
2261,69.0,190.0,0.0
2262,151.0,104.0,0.0
2263,168.0,5.0,0.0
2264,585.0,184.0,0.0
2265,246.0,297.0,0.0
2266,387.0,217.0,0.0
2267,423.0,268.0,0.0
2268,359.0,114.0,0.0
2269,63.0,84.0,0.0
2270,249.0,25.0,0.0
2271,83.0,154.0,0.0
2272,424.0,178.0,0.0
2273,105.0,171.0,0.0
2274,328.0,294.0,0.0
2275,466.0,243.0,0.0
2276,66.0,258.0,0.0
2277,409.0,62.0,0.0
2278,431.0,171.0,0.0
2279,41.0,209.0,0.0
2280,95.0,238.0,0.0
2281,224.0,115.0,0.0
2282,92.0,143.0,0.0
2283,40.0,74.0,0.0
2284,30.0,33.0,0.0
2285,359.0,89.0,0.0
2286,98.0,115.0,0.0
2287,48.0,245.0,0.0
2288,120.0,128.0,0.0
2289,147.0,121.0,0.0
2290,246.0,165.0,0.0
2291,579.0,249.0,0.0
2292,71.0,240.0,0.0
2293,548.0,129.0,0.0
2294,550.0,148.0,0.0
2295,153.0,32.0,0.0
2296,244.0,303.0,0.0
2297,189.0,257.0,0.0
2298,376.0,210.0,0.0
2299,440.0,267.0,0.0
2300,295.0,91.0,0.0
2301,121.0,245.0,0.0
2302,377.0,298.0,0.0
2303,283.0,37.0,0.0
2304,131.0,162.0,0.0
2305,148.0,13.0,0.0
2306,81.0,105.0,0.0
2307,132.0,268.0,0.0
2308,575.0,301.0,0.0
2309,449.0,88.0,0.0
2310,459.0,131.0,0.0
2311,245.0,107.0,0.0
2312,532.0,149.0,0.0
2313,464.0,92.0,0.0
2314,427.0,150.0,0.0
2315,541.0,41.0,0.0
2316,559.0,149.0,0.0
2317,419.0,138.0,0.0
2318,191.0,91.0,0.0
2319,561.0,12.0,0.0
2320,535.0,185.0,0.0
2321,381.0,90.0,0.0
2322,266.0,233.0,0.0
2323,60.0,195.0,0.0
2324,355.0,206.0,0.0
2325,547.0,82.0,0.0
2326,324.0,104.0,0.0
2327,15.0,232.0,0.0
2328,241.0,183.0,0.0
2329,201.0,277.0,0.0
2330,405.0,96.0,0.0
2331,513.0,58.0,0.0
2332,179.0,207.0,0.0
2333,574.0,90.0,0.0
2334,122.0,278.0,0.0
2335,273.0,50.0,0.0
2336,240.0,193.0,0.0
2337,96.0,230.0,0.0
2338,246.0,44.0,0.0
2339,71.0,175.0,0.0
2340,360.0,111.0,0.0
2341,183.0,252.0,0.0
2342,275.0,40.0,0.0
2343,557.0,65.0,0.0
2344,483.0,130.0,0.0
2345,277.0,139.0,0.0
2346,323.0,119.0,0.0
2347,444.0,107.0,0.0
2348,229.0,85.0,0.0
2349,128.0,27.0,0.0
2350,208.0,187.0,0.0
2351,378.0,295.0,0.0
2352,181.0,77.0,0.0
2353,368.0,103.0,0.0
2354,264.0,154.0,0.0
2355,340.0,108.0,0.0
2356,40.0,78.0,0.0
2357,383.0,86.0,0.0
2358,222.0,234.0,0.0
2359,52.0,151.0,0.0
2360,104.0,237.0,0.0
2361,421.0,300.0,0.0
2362,583.0,186.0,0.0
2363,506.0,234.0,0.0
2364,33.0,304.0,0.0
2365,266.0,110.0,0.0
2366,118.0,228.0,0.0
2367,272.0,48.0,0.0
2368,259.0,10.0,0.0
2369,581.0,29.0,0.0
2370,225.0,156.0,0.0
2371,86.0,65.0,0.0
2372,78.0,110.0,0.0
2373,35.0,158.0,0.0
2374,80.0,271.0,0.0
2375,435.0,100.0,0.0
2376,169.0,270.0,0.0
2377,49.0,260.0,0.0
2378,157.0,255.0,0.0
2379,295.0,150.0,0.0
2380,259.0,213.0,0.0
2381,361.0,132.0,0.0
2382,316.0,291.0,0.0
2383,406.0,202.0,0.0
2384,546.0,260.0,0.0
2385,428.0,177.0,0.0
2386,185.0,235.0,0.0
2387,28.0,193.0,0.0
2388,523.0,121.0,0.0
2389,286.0,31.0,0.0
2390,22.0,164.0,0.0
2391,284.0,281.0,0.0
2392,413.0,221.0,0.0
2393,421.0,150.0,0.0
2394,35.0,27.0,0.0
2395,176.0,300.0,0.0
2396,323.0,11.0,0.0
2397,536.0,20.0,0.0
2398,365.0,76.0,0.0
2399,441.0,110.0,0.0
2400,264.0,180.0,0.0
2401,316.0,86.0,0.0
2402,282.0,142.0,0.0
2403,361.0,285.0,0.0
2404,181.0,259.0,0.0
2405,77.0,201.0,0.0
2406,242.0,289.0,0.0
2407,136.0,157.0,0.0
2408,51.0,51.0,0.0
2409,450.0,53.0,0.0
2410,458.0,107.0,0.0
2411,570.0,238.0,0.0
2412,368.0,305.0,0.0
2413,206.0,206.0,0.0
2414,279.0,43.0,0.0
2415,379.0,120.0,0.0
2416,87.0,201.0,0.0
2417,331.0,189.0,0.0
2418,43.0,150.0,0.0
2419,304.0,17.0,0.0
2420,171.0,194.0,0.0
2421,490.0,253.0,0.0
2422,385.0,105.0,0.0
2423,368.0,225.0,0.0
2424,380.0,207.0,0.0
2425,245.0,292.0,0.0
2426,51.0,204.0,0.0
2427,585.0,72.0,0.0
2428,24.0,79.0,0.0
2429,270.0,267.0,0.0
2430,78.0,23.0,0.0
2431,451.0,75.0,0.0
2432,370.0,23.0,0.0
2433,324.0,194.0,0.0
2434,256.0,308.0,0.0
2435,181.0,232.0,0.0
2436,566.0,226.0,0.0
2437,319.0,55.0,0.0
2438,46.0,224.0,0.0
2439,453.0,199.0,0.0
2440,230.0,20.0,0.0
2441,344.0,97.0,0.0
2442,194.0,217.0,0.0
2443,484.0,66.0,0.0
2444,5.0,77.0,0.0
2445,396.0,92.0,0.0
2446,42.0,133.0,0.0
2447,325.0,104.0,0.0
2448,495.0,183.0,0.0
2449,276.0,136.0,0.0
2450,358.0,167.0,0.0
2451,279.0,236.0,0.0
2452,561.0,270.0,0.0
2453,232.0,288.0,0.0
2454,99.0,102.0,0.0
2455,313.0,232.0,0.0
2456,70.0,287.0,0.0
2457,130.0,95.0,0.0
2458,420.0,243.0,0.0
2459,533.0,283.0,0.0
2460,4.0,186.0,0.0
2461,308.0,178.0,0.0
2462,475.0,138.0,0.0
2463,72.0,132.0,0.0
2464,545.0,279.0,0.0
2465,430.0,104.0,0.0
2466,327.0,183.0,0.0
2467,504.0,215.0,0.0
2468,250.0,161.0,0.0
2469,189.0,190.0,0.0
2470,122.0,149.0,0.0
2471,156.0,189.0,0.0
2472,303.0,194.0,0.0
2473,579.0,274.0,0.0
2474,15.0,196.0,0.0
2475,156.0,91.0,0.0
2476,155.0,85.0,0.0
2477,524.0,53.0,0.0
2478,566.0,40.0,0.0
2479,554.0,270.0,0.0
2480,4.0,201.0,0.0
2481,578.0,221.0,0.0
2482,200.0,309.0,0.0
2483,20.0,64.0,0.0
2484,490.0,85.0,0.0
2485,289.0,100.0,0.0
2486,230.0,79.0,0.0
2487,191.0,277.0,0.0
2488,296.0,297.0,0.0
2489,172.0,59.0,0.0
2490,591.0,279.0,0.0
2491,461.0,256.0,0.0
2492,232.0,271.0,0.0
2493,67.0,106.0,0.0
2494,374.0,189.0,0.0
2495,165.0,301.0,0.0
2496,40.0,235.0,0.0
2497,52.0,32.0,0.0
2498,501.0,288.0,0.0
2499,200.0,107.0,0.0
2500,314.0,224.0,0.0
2501,536.0,211.0,0.0
2502,41.0,123.0,0.0
2503,568.0,257.0,0.0
2504,149.0,262.0,0.0
2505,28.0,278.0,0.0
2506,249.0,175.0,0.0
2507,323.0,141.0,0.0
2508,464.0,14.0,0.0
2509,430.0,47.0,0.0
2510,111.0,283.0,0.0
2511,467.0,6.0,0.0
2512,277.0,112.0,0.0
2513,278.0,101.0,0.0
2514,497.0,7.0,0.0
2515,566.0,48.0,0.0
2516,415.0,62.0,0.0
2517,129.0,140.0,0.0
2518,362.0,276.0,0.0
2519,63.0,281.0,0.0
2520,208.0,301.0,0.0
2521,222.0,144.0,0.0
2522,551.0,66.0,0.0
2523,421.0,59.0,0.0
2524,478.0,68.0,0.0
2525,481.0,25.0,0.0
2526,517.0,164.0,0.0
2527,473.0,63.0,0.0
2528,59.0,237.0,0.0
2529,479.0,307.0,0.0
2530,218.0,196.0,0.0
2531,411.0,262.0,0.0
2532,416.0,218.0,0.0
2533,26.0,206.0,0.0
2534,181.0,264.0,0.0
2535,571.0,205.0,0.0
2536,522.0,148.0,0.0
2537,294.0,221.0,0.0
2538,356.0,263.0,0.0
2539,263.0,273.0,0.0
2540,262.0,268.0,0.0
2541,180.0,106.0,0.0
2542,71.0,137.0,0.0
2543,216.0,166.0,0.0
2544,199.0,278.0,0.0
2545,11.0,18.0,0.0
2546,580.0,167.0,0.0
2547,480.0,263.0,0.0
2548,111.0,213.0,0.0
2549,264.0,161.0,0.0
2550,278.0,124.0,0.0
2551,115.0,93.0,0.0
2552,75.0,293.0,0.0
2553,86.0,248.0,0.0
2554,190.0,299.0,0.0
2555,460.0,253.0,0.0
2556,428.0,78.0,0.0
2557,275.0,171.0,0.0
2558,75.0,168.0,0.0
2559,401.0,156.0,0.0
2560,470.0,118.0,0.0
2561,377.0,299.0,0.0
2562,268.0,94.0,0.0
2563,229.0,188.0,0.0
2564,555.0,227.0,0.0
2565,137.0,41.0,0.0
2566,243.0,200.0,0.0
2567,356.0,86.0,0.0
2568,383.0,3.0,0.0
2569,409.0,217.0,0.0
2570,578.0,275.0,0.0
2571,356.0,128.0,0.0
2572,409.0,247.0,0.0
2573,583.0,233.0,0.0
2574,35.0,296.0,0.0
2575,473.0,295.0,0.0
2576,223.0,190.0,0.0
2577,242.0,300.0,0.0
2578,536.0,26.0,0.0
2579,401.0,185.0,0.0
2580,577.0,191.0,0.0
2581,27.0,215.0,0.0
2582,581.0,130.0,0.0
2583,49.0,174.0,0.0
2584,473.0,9.0,0.0
2585,413.0,41.0,0.0
2586,268.0,1.0,0.0
2587,412.0,89.0,0.0
2588,305.0,87.0,0.0
2589,242.0,78.0,0.0
2590,335.0,122.0,0.0
2591,311.0,252.0,0.0
2592,68.0,161.0,0.0
2593,29.0,243.0,0.0
2594,508.0,106.0,0.0
2595,63.0,223.0,0.0
2596,237.0,309.0,0.0
2597,553.0,41.0,0.0
2598,153.0,253.0,0.0
2599,377.0,261.0,0.0
2600,124.0,137.0,0.0
2601,126.0,304.0,0.0
2602,111.0,235.0,0.0
2603,156.0,266.0,0.0
2604,348.0,30.0,0.0
2605,360.0,294.0,0.0
2606,47.0,234.0,0.0
2607,154.0,218.0,0.0
2608,90.0,12.0,0.0
2609,46.0,214.0,0.0
2610,109.0,9.0,0.0
2611,316.0,221.0,0.0
2612,210.0,270.0,0.0
2613,18.0,254.0,0.0
2614,350.0,166.0,0.0
2615,49.0,43.0,0.0
2616,561.0,254.0,0.0
2617,470.0,153.0,0.0
2618,352.0,165.0,0.0
2619,395.0,86.0,0.0
2620,354.0,260.0,0.0
2621,455.0,232.0,0.0
2622,381.0,155.0,0.0
2623,40.0,295.0,0.0
2624,541.0,54.0,0.0
2625,249.0,69.0,0.0
2626,430.0,233.0,0.0
2627,569.0,292.0,0.0
2628,438.0,268.0,0.0
2629,416.0,35.0,0.0
2630,457.0,122.0,0.0
2631,81.0,103.0,0.0
2632,563.0,101.0,0.0
2633,336.0,296.0,0.0
2634,332.0,241.0,0.0
2635,163.0,42.0,0.0
2636,194.0,144.0,0.0
2637,280.0,161.0,0.0
2638,162.0,107.0,0.0
2639,401.0,136.0,0.0
2640,443.0,153.0,0.0
2641,295.0,10.0,0.0
2642,236.0,272.0,0.0
2643,91.0,114.0,0.0
2644,199.0,188.0,0.0
2645,319.0,156.0,0.0
2646,397.0,286.0,0.0
2647,188.0,199.0,0.0
2648,188.0,169.0,0.0
2649,192.0,230.0,0.0
2650,246.0,53.0,0.0
2651,156.0,252.0,0.0
2652,530.0,60.0,0.0
2653,584.0,163.0,0.0
2654,395.0,192.0,0.0
2655,467.0,11.0,0.0
2656,254.0,9.0,0.0
2657,102.0,42.0,0.0
2658,159.0,194.0,0.0
2659,93.0,96.0,0.0
2660,174.0,192.0,0.0
2661,109.0,274.0,0.0
2662,99.0,296.0,0.0
2663,433.0,147.0,0.0
2664,21.0,214.0,0.0
2665,189.0,1.0,0.0
2666,13.0,309.0,0.0
2667,369.0,229.0,0.0
2668,512.0,36.0,0.0
2669,74.0,75.0,0.0
2670,323.0,221.0,0.0
2671,211.0,268.0,0.0
2672,309.0,215.0,0.0
2673,205.0,188.0,0.0
2674,496.0,54.0,0.0
2675,445.0,20.0,0.0
2676,393.0,171.0,0.0
2677,474.0,132.0,0.0
2678,64.0,62.0,0.0
2679,80.0,176.0,0.0
2680,30.0,256.0,0.0
2681,543.0,121.0,0.0
2682,102.0,109.0,0.0
2683,365.0,25.0,0.0
2684,293.0,221.0,0.0
2685,18.0,210.0,0.0
2686,509.0,21.0,0.0
2687,388.0,265.0,0.0
2688,73.0,148.0,0.0
2689,13.0,229.0,0.0
2690,568.0,125.0,0.0
2691,416.0,227.0,0.0
2692,160.0,93.0,0.0
2693,70.0,244.0,0.0
2694,117.0,60.0,0.0
2695,241.0,174.0,0.0
2696,560.0,224.0,0.0
2697,459.0,126.0,0.0
2698,303.0,267.0,0.0
2699,566.0,59.0,0.0
2700,187.0,165.0,0.0
2701,40.0,63.0,0.0
2702,286.0,278.0,0.0
2703,407.0,92.0,0.0
2704,93.0,245.0,0.0
2705,185.0,195.0,0.0
2706,350.0,136.0,0.0
2707,315.0,191.0,0.0
2708,434.0,259.0,0.0
2709,137.0,29.0,0.0
2710,410.0,42.0,0.0
2711,58.0,184.0,0.0
2712,519.0,112.0,0.0
2713,365.0,252.0,0.0
2714,390.0,6.0,0.0
2715,411.0,311.0,0.0
2716,361.0,211.0,0.0
2717,410.0,179.0,0.0
2718,17.0,96.0,0.0
2719,48.0,213.0,0.0
2720,11.0,14.0,0.0
2721,162.0,98.0,0.0
2722,26.0,189.0,0.0
2723,502.0,263.0,0.0
2724,292.0,165.0,0.0
2725,79.0,92.0,0.0
2726,521.0,192.0,0.0
2727,404.0,18.0,0.0
2728,77.0,83.0,0.0
2729,409.0,149.0,0.0
2730,17.0,213.0,0.0
2731,393.0,11.0,0.0
2732,451.0,272.0,0.0
2733,106.0,260.0,0.0
2734,206.0,286.0,0.0
2735,547.0,277.0,0.0
2736,510.0,178.0,0.0
2737,182.0,282.0,0.0
2738,17.0,188.0,0.0
2739,96.0,258.0,0.0
2740,370.0,189.0,0.0
2741,212.0,116.0,0.0
2742,516.0,150.0,0.0
2743,97.0,64.0,0.0
2744,379.0,284.0,0.0
2745,502.0,77.0,0.0
2746,194.0,150.0,0.0
2747,69.0,305.0,0.0
2748,66.0,239.0,0.0
2749,148.0,119.0,0.0
2750,177.0,69.0,0.0
2751,432.0,210.0,0.0
2752,168.0,219.0,0.0
2753,428.0,42.0,0.0
2754,70.0,266.0,0.0
2755,343.0,147.0,0.0
2756,494.0,128.0,0.0
2757,267.0,162.0,0.0
2758,282.0,229.0,0.0
2759,415.0,196.0,0.0
2760,152.0,223.0,0.0
2761,22.0,286.0,0.0
2762,53.0,73.0,0.0
2763,372.0,235.0,0.0
2764,340.0,74.0,0.0
2765,323.0,310.0,0.0
2766,344.0,178.0,0.0
2767,45.0,132.0,0.0
2768,487.0,241.0,0.0
2769,61.0,267.0,0.0
2770,507.0,95.0,0.0
2771,164.0,299.0,0.0
2772,345.0,39.0,0.0
2773,233.0,166.0,0.0
2774,395.0,144.0,0.0
2775,46.0,82.0,0.0
2776,559.0,224.0,0.0
2777,405.0,62.0,0.0
2778,244.0,270.0,0.0
2779,176.0,44.0,0.0
2780,208.0,253.0,0.0
2781,452.0,200.0,0.0
2782,473.0,312.0,0.0
2783,397.0,289.0,0.0
2784,4.0,276.0,0.0
2785,91.0,303.0,0.0
2786,285.0,272.0,0.0
2787,414.0,65.0,0.0
2788,150.0,290.0,0.0
2789,187.0,295.0,0.0
2790,296.0,294.0,0.0
2791,18.0,178.0,0.0
2792,588.0,248.0,0.0
2793,588.0,229.0,0.0
2794,139.0,227.0,0.0
2795,80.0,91.0,0.0
2796,17.0,52.0,0.0
2797,30.0,76.0,0.0
2798,203.0,140.0,0.0
2799,56.0,273.0,0.0
2800,210.0,44.0,0.0
2801,169.0,216.0,0.0
2802,485.0,216.0,0.0
2803,85.0,219.0,0.0
2804,148.0,236.0,0.0
2805,564.0,153.0,0.0
2806,231.0,283.0,0.0
2807,51.0,78.0,0.0
2808,189.0,269.0,0.0
2809,559.0,157.0,0.0
2810,149.0,159.0,0.0
2811,518.0,134.0,0.0
2812,32.0,303.0,0.0
2813,73.0,131.0,0.0
2814,544.0,62.0,0.0
2815,349.0,155.0,0.0
2816,225.0,146.0,0.0
2817,375.0,98.0,0.0
2818,569.0,231.0,0.0
2819,253.0,53.0,0.0
2820,169.0,227.0,0.0
2821,403.0,181.0,0.0
2822,192.0,171.0,0.0
2823,410.0,128.0,0.0
2824,303.0,204.0,0.0
2825,181.0,78.0,0.0
2826,104.0,62.0,0.0
2827,80.0,298.0,0.0
2828,348.0,118.0,0.0
2829,472.0,250.0,0.0
2830,125.0,209.0,0.0
2831,419.0,8.0,0.0
2832,188.0,37.0,0.0
2833,544.0,135.0,0.0
2834,577.0,148.0,0.0
2835,440.0,177.0,0.0
2836,541.0,137.0,0.0
2837,245.0,298.0,0.0
2838,49.0,1.0,0.0
2839,14.0,142.0,0.0
2840,458.0,302.0,0.0
2841,165.0,132.0,0.0
2842,143.0,141.0,0.0
2843,509.0,27.0,0.0
2844,169.0,242.0,0.0
2845,577.0,18.0,0.0
2846,494.0,281.0,0.0
2847,4.0,167.0,0.0
2848,195.0,188.0,0.0
2849,142.0,65.0,0.0
2850,288.0,141.0,0.0
2851,320.0,42.0,0.0
2852,165.0,216.0,0.0
2853,326.0,68.0,0.0
2854,188.0,279.0,0.0
2855,468.0,53.0,0.0
2856,542.0,192.0,0.0
2857,433.0,20.0,0.0
2858,485.0,39.0,0.0
2859,543.0,140.0,0.0
2860,185.0,83.0,0.0
2861,215.0,61.0,0.0
2862,143.0,269.0,0.0
2863,168.0,24.0,0.0
2864,7.0,126.0,0.0
2865,100.0,236.0,0.0
2866,526.0,71.0,0.0
2867,468.0,249.0,0.0
2868,116.0,260.0,0.0
2869,63.0,136.0,0.0
2870,13.0,30.0,0.0
2871,571.0,171.0,0.0
2872,251.0,249.0,0.0
2873,572.0,261.0,0.0
2874,420.0,209.0,0.0
2875,208.0,204.0,0.0
2876,40.0,263.0,0.0
2877,494.0,206.0,0.0
2878,579.0,294.0,0.0
2879,346.0,124.0,0.0
2880,46.0,115.0,0.0
2881,283.0,221.0,0.0
2882,164.0,176.0,0.0
2883,276.0,173.0,0.0
2884,455.0,125.0,0.0
2885,334.0,241.0,0.0
2886,298.0,215.0,0.0
2887,514.0,165.0,0.0
2888,586.0,308.0,0.0
2889,263.0,270.0,0.0
2890,206.0,89.0,0.0
2891,239.0,28.0,0.0
2892,302.0,90.0,0.0
2893,416.0,152.0,0.0
2894,550.0,204.0,0.0
2895,300.0,53.0,0.0
2896,421.0,50.0,0.0
2897,491.0,4.0,0.0
2898,131.0,99.0,0.0
2899,291.0,51.0,0.0
2900,59.0,226.0,0.0
2901,110.0,83.0,0.0
2902,528.0,246.0,0.0
2903,89.0,262.0,0.0
2904,465.0,295.0,0.0
2905,219.0,70.0,0.0
2906,494.0,184.0,0.0
2907,79.0,120.0,0.0
2908,63.0,296.0,0.0
2909,95.0,269.0,0.0
2910,321.0,43.0,0.0
2911,191.0,142.0,0.0
2912,514.0,212.0,0.0
2913,101.0,174.0,0.0
2914,55.0,300.0,0.0
2915,516.0,170.0,0.0
2916,288.0,162.0,0.0
2917,324.0,174.0,0.0
2918,317.0,306.0,0.0
2919,77.0,301.0,0.0
2920,236.0,193.0,0.0
2921,101.0,308.0,0.0
2922,261.0,126.0,0.0
2923,422.0,268.0,0.0
2924,225.0,277.0,0.0
2925,445.0,66.0,0.0
2926,396.0,310.0,0.0
2927,197.0,306.0,0.0
2928,516.0,218.0,0.0
2929,326.0,126.0,0.0
2930,460.0,87.0,0.0
2931,266.0,85.0,0.0
2932,103.0,107.0,0.0
2933,176.0,180.0,0.0
2934,121.0,51.0,0.0
2935,152.0,181.0,0.0
2936,275.0,215.0,0.0
2937,470.0,142.0,0.0
2938,465.0,70.0,0.0
2939,118.0,10.0,0.0
2940,279.0,241.0,0.0
2941,379.0,226.0,0.0
2942,256.0,138.0,0.0
2943,225.0,54.0,0.0
2944,562.0,141.0,0.0
2945,265.0,269.0,0.0
2946,357.0,254.0,0.0
2947,437.0,193.0,0.0
2948,298.0,175.0,0.0
2949,162.0,165.0,0.0
2950,195.0,112.0,0.0
2951,396.0,126.0,0.0
2952,164.0,207.0,0.0
2953,254.0,216.0,0.0
2954,531.0,304.0,0.0
2955,578.0,256.0,0.0
2956,249.0,19.0,0.0
2957,74.0,308.0,0.0
2958,289.0,228.0,0.0
2959,532.0,12.0,0.0
2960,509.0,114.0,0.0
2961,314.0,38.0,0.0
2962,430.0,303.0,0.0
2963,531.0,244.0,0.0
2964,233.0,170.0,0.0
2965,90.0,103.0,0.0
2966,430.0,246.0,0.0
2967,515.0,226.0,0.0
2968,417.0,155.0,0.0
2969,391.0,274.0,0.0
2970,4.0,286.0,0.0
2971,258.0,282.0,0.0
2972,164.0,239.0,0.0
2973,204.0,244.0,0.0
2974,440.0,18.0,0.0
2975,1.0,286.0,0.0
2976,416.0,310.0,0.0
2977,76.0,83.0,0.0
2978,208.0,207.0,0.0
2979,320.0,37.0,0.0
2980,115.0,272.0,0.0
2981,10.0,280.0,0.0
2982,73.0,173.0,0.0
2983,504.0,163.0,0.0
2984,391.0,292.0,0.0
2985,575.0,282.0,0.0
2986,40.0,311.0,0.0
2987,91.0,232.0,0.0
2988,455.0,13.0,0.0
2989,480.0,193.0,0.0
2990,451.0,219.0,0.0
2991,399.0,134.0,0.0
2992,584.0,231.0,0.0
2993,73.0,20.0,0.0
2994,476.0,153.0,0.0
2995,297.0,240.0,0.0
2996,96.0,25.0,0.0
2997,242.0,100.0,0.0
2998,411.0,121.0,0.0
2999,13.0,84.0,0.0
3000,139.0,175.0,0.0
3001,133.0,241.0,0.0
3002,151.0,140.0,0.0
3003,258.0,75.0,0.0
3004,80.0,237.0,0.0
3005,229.0,145.0,0.0
3006,142.0,187.0,0.0
3007,124.0,309.0,0.0
3008,225.0,46.0,0.0
3009,414.0,50.0,0.0
3010,531.0,17.0,0.0
3011,274.0,64.0,0.0
3012,240.0,84.0,0.0
3013,330.0,155.0,0.0
3014,477.0,74.0,0.0
3015,443.0,172.0,0.0
3016,223.0,94.0,0.0
3017,82.0,63.0,0.0
3018,54.0,252.0,0.0
3019,46.0,187.0,0.0
3020,330.0,36.0,0.0
3021,415.0,169.0,0.0
3022,277.0,163.0,0.0
3023,349.0,163.0,0.0
3024,454.0,215.0,0.0
3025,532.0,59.0,0.0
3026,458.0,147.0,0.0
3027,348.0,43.0,0.0
3028,427.0,211.0,0.0
3029,359.0,143.0,0.0
3030,0.0,223.0,0.0
3031,158.0,308.0,0.0
3032,467.0,35.0,0.0
3033,135.0,5.0,0.0
3034,468.0,138.0,0.0
3035,349.0,232.0,0.0
3036,582.0,309.0,0.0
3037,475.0,178.0,0.0
3038,246.0,167.0,0.0
3039,170.0,2.0,0.0
3040,375.0,118.0,0.0
3041,505.0,231.0,0.0
3042,174.0,226.0,0.0
3043,339.0,25.0,0.0
3044,53.0,207.0,0.0
3045,222.0,92.0,0.0
3046,570.0,24.0,0.0
3047,222.0,154.0,0.0
3048,446.0,226.0,0.0
3049,31.0,260.0,0.0
3050,7.0,247.0,0.0
3051,296.0,138.0,0.0
3052,390.0,213.0,0.0
3053,313.0,56.0,0.0
3054,279.0,159.0,0.0
3055,461.0,163.0,0.0
3056,144.0,101.0,0.0
3057,421.0,79.0,0.0
3058,365.0,163.0,0.0
3059,527.0,33.0,0.0
3060,325.0,166.0,0.0
3061,206.0,161.0,0.0
3062,335.0,102.0,0.0
3063,108.0,44.0,0.0
3064,7.0,47.0,0.0
3065,119.0,81.0,0.0
3066,255.0,82.0,0.0
3067,453.0,105.0,0.0
3068,477.0,135.0,0.0
3069,291.0,31.0,0.0
3070,377.0,185.0,0.0
3071,459.0,97.0,0.0
3072,218.0,34.0,0.0
3073,39.0,78.0,0.0
3074,154.0,40.0,0.0
3075,178.0,249.0,0.0
3076,101.0,74.0,0.0
3077,388.0,299.0,0.0
3078,280.0,185.0,0.0
3079,301.0,31.0,0.0
3080,335.0,219.0,0.0
3081,429.0,110.0,0.0
3082,189.0,45.0,0.0
3083,75.0,10.0,0.0
3084,272.0,184.0,0.0
3085,271.0,132.0,0.0
3086,382.0,258.0,0.0
3087,523.0,29.0,0.0
3088,389.0,244.0,0.0
3089,161.0,6.0,0.0
3090,506.0,94.0,0.0
3091,321.0,172.0,0.0
3092,11.0,133.0,0.0
3093,499.0,37.0,0.0
3094,98.0,253.0,0.0
3095,287.0,5.0,0.0
3096,126.0,169.0,0.0
3097,384.0,183.0,0.0
3098,189.0,284.0,0.0
3099,486.0,246.0,0.0
3100,445.0,54.0,0.0
3101,546.0,233.0,0.0
3102,164.0,44.0,0.0
3103,275.0,149.0,0.0
3104,542.0,195.0,0.0
3105,60.0,102.0,0.0
3106,446.0,188.0,0.0
3107,400.0,288.0,0.0
3108,63.0,174.0,0.0
3109,160.0,74.0,0.0
3110,573.0,54.0,0.0
3111,390.0,172.0,0.0
3112,485.0,310.0,0.0
3113,87.0,118.0,0.0
3114,393.0,15.0,0.0
3115,126.0,267.0,0.0
3116,229.0,241.0,0.0
3117,304.0,49.0,0.0
3118,249.0,52.0,0.0
3119,475.0,286.0,0.0
3120,432.0,267.0,0.0
3121,47.0,210.0,0.0
3122,191.0,186.0,0.0
3123,542.0,120.0,0.0
3124,160.0,150.0,0.0
3125,295.0,213.0,0.0
3126,9.0,295.0,0.0
3127,38.0,262.0,0.0
3128,403.0,307.0,0.0
3129,591.0,60.0,0.0
3130,113.0,103.0,0.0
3131,317.0,305.0,0.0
3132,439.0,228.0,0.0
3133,294.0,244.0,0.0
3134,420.0,258.0,0.0
3135,312.0,256.0,0.0
3136,243.0,66.0,0.0
3137,218.0,32.0,0.0
3138,372.0,93.0,0.0
3139,147.0,239.0,0.0
3140,127.0,73.0,0.0
3141,267.0,264.0,0.0
3142,253.0,294.0,0.0
3143,109.0,223.0,0.0
3144,236.0,53.0,0.0
3145,163.0,89.0,0.0
3146,73.0,206.0,0.0
3147,421.0,26.0,0.0
3148,45.0,223.0,0.0
3149,401.0,146.0,0.0
3150,130.0,209.0,0.0
3151,508.0,186.0,0.0
3152,82.0,210.0,0.0
3153,316.0,118.0,0.0
3154,170.0,61.0,0.0
3155,379.0,298.0,0.0
3156,68.0,120.0,0.0
3157,294.0,218.0,0.0
3158,483.0,107.0,0.0
3159,456.0,306.0,0.0
3160,141.0,291.0,0.0
3161,503.0,114.0,0.0
3162,480.0,240.0,0.0
3163,15.0,31.0,0.0
3164,235.0,50.0,0.0
3165,404.0,249.0,0.0
3166,26.0,151.0,0.0
3167,297.0,302.0,0.0
3168,310.0,238.0,0.0
3169,398.0,235.0,0.0
3170,393.0,17.0,0.0
3171,115.0,180.0,0.0
3172,269.0,97.0,0.0
3173,11.0,250.0,0.0
3174,98.0,109.0,0.0
3175,284.0,25.0,0.0
3176,28.0,222.0,0.0
3177,157.0,257.0,0.0
3178,319.0,179.0,0.0
3179,466.0,143.0,0.0
3180,372.0,72.0,0.0
3181,219.0,167.0,0.0
3182,90.0,243.0,0.0
3183,44.0,22.0,0.0
3184,414.0,110.0,0.0
3185,57.0,15.0,0.0
3186,320.0,191.0,0.0
3187,177.0,187.0,0.0
3188,105.0,242.0,0.0
3189,459.0,21.0,0.0
3190,244.0,253.0,0.0
3191,423.0,222.0,0.0
3192,333.0,259.0,0.0
3193,581.0,78.0,0.0
3194,204.0,240.0,0.0
3195,189.0,139.0,0.0
3196,357.0,77.0,0.0
3197,466.0,110.0,0.0
3198,60.0,98.0,0.0
3199,196.0,131.0,0.0
3200,445.0,86.0,0.0
3201,586.0,259.0,0.0
3202,183.0,63.0,0.0
3203,467.0,32.0,0.0
3204,434.0,42.0,0.0
3205,237.0,246.0,0.0
3206,122.0,60.0,0.0
3207,50.0,41.0,0.0
3208,591.0,260.0,0.0
3209,421.0,231.0,0.0
3210,459.0,221.0,0.0
3211,68.0,70.0,0.0
3212,576.0,197.0,0.0
3213,190.0,40.0,0.0
3214,331.0,243.0,0.0
3215,114.0,124.0,0.0
3216,121.0,246.0,0.0
3217,232.0,27.0,0.0
3218,419.0,277.0,0.0
3219,153.0,92.0,0.0
3220,61.0,201.0,0.0
3221,390.0,155.0,0.0
3222,131.0,154.0,0.0
3223,351.0,144.0,0.0
3224,22.0,162.0,0.0
3225,260.0,172.0,0.0
3226,118.0,32.0,0.0
3227,326.0,148.0,0.0
3228,531.0,23.0,0.0
3229,383.0,18.0,0.0
3230,55.0,240.0,0.0
3231,555.0,64.0,0.0
3232,191.0,182.0,0.0
3233,265.0,226.0,0.0
3234,108.0,297.0,0.0
3235,61.0,278.0,0.0
3236,269.0,303.0,0.0
3237,265.0,262.0,0.0
3238,219.0,63.0,0.0
3239,406.0,221.0,0.0
3240,339.0,113.0,0.0
3241,430.0,68.0,0.0
3242,480.0,200.0,0.0
3243,154.0,70.0,0.0
3244,391.0,181.0,0.0
3245,516.0,308.0,0.0
3246,352.0,181.0,0.0
3247,358.0,74.0,0.0
3248,118.0,80.0,0.0
3249,189.0,106.0,0.0
3250,423.0,160.0,0.0
3251,324.0,153.0,0.0
3252,516.0,294.0,0.0
3253,111.0,89.0,0.0
3254,550.0,57.0,0.0
3255,329.0,233.0,0.0
3256,496.0,260.0,0.0
3257,557.0,277.0,0.0
3258,188.0,275.0,0.0
3259,202.0,179.0,0.0
3260,386.0,72.0,0.0
3261,208.0,156.0,0.0
3262,98.0,91.0,0.0
3263,83.0,250.0,0.0
3264,317.0,76.0,0.0
3265,589.0,145.0,0.0
3266,136.0,256.0,0.0
3267,382.0,278.0,0.0
3268,121.0,273.0,0.0
3269,490.0,81.0,0.0
3270,469.0,140.0,0.0
3271,546.0,152.0,0.0
3272,27.0,260.0,0.0
3273,216.0,104.0,0.0
3274,183.0,213.0,0.0
3275,107.0,265.0,0.0
3276,215.0,245.0,0.0
3277,554.0,44.0,0.0
3278,341.0,34.0,0.0
3279,212.0,268.0,0.0
3280,221.0,123.0,0.0
3281,299.0,271.0,0.0
3282,330.0,241.0,0.0
3283,506.0,305.0,0.0
3284,514.0,154.0,0.0
3285,504.0,86.0,0.0
3286,50.0,255.0,0.0
3287,352.0,231.0,0.0
3288,378.0,258.0,0.0
3289,590.0,216.0,0.0
3290,191.0,95.0,0.0
3291,278.0,260.0,0.0
3292,449.0,143.0,0.0
3293,38.0,152.0,0.0
3294,297.0,52.0,0.0
3295,101.0,118.0,0.0
3296,202.0,299.0,0.0
3297,179.0,5.0,0.0
3298,399.0,191.0,0.0
3299,337.0,269.0,0.0
3300,215.0,44.0,0.0
3301,568.0,239.0,0.0
3302,291.0,55.0,0.0
3303,541.0,125.0,0.0
3304,164.0,189.0,0.0
3305,279.0,123.0,0.0
3306,417.0,242.0,0.0
3307,290.0,283.0,0.0
3308,234.0,140.0,0.0
3309,225.0,176.0,0.0
3310,323.0,111.0,0.0
3311,427.0,48.0,0.0
3312,26.0,110.0,0.0
3313,555.0,153.0,0.0
3314,292.0,111.0,0.0
3315,472.0,132.0,0.0
3316,420.0,103.0,0.0
3317,329.0,218.0,0.0
3318,359.0,251.0,0.0
3319,126.0,40.0,0.0
3320,16.0,135.0,0.0
3321,48.0,283.0,0.0
3322,374.0,0.0,0.0
3323,4.0,59.0,0.0
3324,228.0,271.0,0.0
3325,288.0,175.0,0.0
3326,410.0,218.0,0.0
3327,341.0,222.0,0.0
3328,227.0,248.0,0.0
3329,7.0,185.0,0.0
3330,83.0,301.0,0.0
3331,256.0,234.0,0.0
3332,320.0,163.0,0.0
3333,531.0,298.0,0.0
3334,312.0,46.0,0.0
3335,309.0,97.0,0.0
3336,169.0,224.0,0.0
3337,446.0,215.0,0.0
3338,252.0,286.0,0.0
3339,308.0,67.0,0.0
3340,31.0,110.0,0.0
3341,190.0,105.0,0.0
3342,452.0,92.0,0.0
3343,43.0,5.0,0.0
3344,185.0,167.0,0.0
3345,472.0,266.0,0.0
3346,300.0,86.0,0.0
3347,468.0,252.0,0.0
3348,229.0,171.0,0.0
3349,160.0,87.0,0.0
3350,398.0,222.0,0.0
3351,408.0,301.0,0.0
3352,11.0,271.0,0.0
3353,433.0,310.0,0.0
3354,565.0,169.0,0.0
3355,23.0,235.0,0.0
3356,315.0,205.0,0.0
3357,223.0,194.0,0.0
3358,451.0,184.0,0.0
3359,154.0,119.0,0.0
3360,547.0,311.0,0.0
3361,573.0,155.0,0.0
3362,69.0,39.0,0.0
3363,222.0,237.0,0.0
3364,569.0,48.0,0.0
3365,284.0,93.0,0.0
3366,556.0,144.0,0.0
3367,287.0,110.0,0.0
3368,390.0,282.0,0.0
3369,346.0,4.0,0.0
3370,417.0,310.0,0.0
3371,123.0,177.0,0.0
3372,581.0,179.0,0.0
3373,549.0,305.0,0.0
3374,14.0,140.0,0.0
3375,365.0,53.0,0.0
3376,63.0,282.0,0.0
3377,176.0,272.0,0.0
3378,147.0,205.0,0.0
3379,347.0,196.0,0.0
3380,25.0,182.0,0.0
3381,141.0,189.0,0.0
3382,376.0,199.0,0.0
3383,320.0,36.0,0.0
3384,440.0,138.0,0.0
3385,254.0,7.0,0.0
3386,241.0,74.0,0.0
3387,532.0,159.0,0.0
3388,84.0,257.0,0.0
3389,101.0,49.0,0.0
3390,492.0,287.0,0.0
3391,402.0,232.0,0.0
3392,244.0,37.0,0.0
3393,363.0,271.0,0.0
3394,422.0,15.0,0.0
3395,10.0,203.0,0.0
3396,100.0,84.0,0.0
3397,71.0,174.0,0.0
3398,512.0,88.0,0.0
3399,448.0,230.0,0.0
3400,525.0,173.0,0.0
3401,155.0,108.0,0.0
3402,214.0,177.0,0.0
3403,187.0,212.0,0.0
3404,395.0,228.0,0.0
3405,503.0,287.0,0.0
3406,235.0,247.0,0.0
3407,473.0,36.0,0.0
3408,249.0,183.0,0.0
3409,464.0,193.0,0.0
3410,574.0,81.0,0.0
3411,496.0,140.0,0.0
3412,147.0,9.0,0.0
3413,484.0,84.0,0.0
3414,173.0,79.0,0.0
3415,423.0,69.0,0.0
3416,353.0,151.0,0.0
3417,123.0,286.0,0.0
3418,200.0,103.0,0.0
3419,108.0,19.0,0.0
3420,380.0,88.0,0.0
3421,152.0,257.0,0.0
3422,475.0,242.0,0.0
3423,365.0,299.0,0.0
3424,360.0,114.0,0.0
3425,491.0,73.0,0.0
3426,337.0,265.0,0.0
3427,33.0,103.0,0.0
3428,315.0,97.0,0.0
3429,416.0,69.0,0.0
3430,48.0,136.0,0.0
3431,76.0,194.0,0.0
3432,291.0,194.0,0.0
3433,154.0,305.0,0.0
3434,274.0,235.0,0.0
3435,197.0,61.0,0.0
3436,137.0,70.0,0.0
3437,388.0,258.0,0.0
3438,535.0,74.0,0.0
3439,223.0,38.0,0.0
3440,150.0,25.0,0.0
3441,228.0,170.0,0.0
3442,230.0,115.0,0.0
3443,210.0,291.0,0.0
3444,157.0,0.0,0.0
3445,337.0,243.0,0.0
3446,171.0,62.0,0.0
3447,503.0,78.0,0.0
3448,183.0,192.0,0.0
3449,93.0,132.0,0.0
3450,97.0,168.0,0.0
3451,181.0,302.0,0.0
3452,95.0,164.0,0.0
3453,214.0,71.0,0.0
3454,306.0,292.0,0.0
3455,447.0,61.0,0.0
3456,187.0,241.0,0.0
3457,433.0,4.0,0.0
3458,191.0,298.0,0.0
3459,251.0,169.0,0.0
3460,335.0,174.0,0.0
3461,586.0,285.0,0.0
3462,432.0,106.0,0.0
3463,460.0,135.0,0.0
3464,492.0,238.0,0.0
3465,293.0,307.0,0.0
3466,377.0,132.0,0.0
3467,168.0,127.0,0.0
3468,583.0,66.0,0.0
3469,365.0,43.0,0.0
3470,51.0,53.0,0.0
3471,299.0,159.0,0.0
3472,56.0,69.0,0.0
3473,41.0,72.0,0.0
3474,372.0,77.0,0.0
3475,94.0,168.0,0.0
3476,143.0,255.0,0.0
3477,32.0,13.0,0.0
